id,input_len,output_len,arrival_time,target_worker
0,512,1024,0.0,0
1,512,8,0.0,1
2,512,1024,5.0,0
3,512,20,5.0,1
4,512,1024,10.0,0
5,512,32,10.0,1
6,512,1024,15.0,0
7,512,44,15.0,1
8,512,1024,20.0,0
9,512,56,20.0,1
10,512,1024,25.0,0
11,512,68,25.0,1
12,512,1024,30.0,0
13,512,80,30.0,1
14,512,1024,35.0,0
15,512,92,35.0,1
16,512,1024,40.0,0
17,512,104,40.0,1
18,512,1024,45.0,0
19,512,116,45.0,1
20,512,1024,50.0,0
21,512,128,50.0,1
22,512,1024,55.0,0
23,512,140,55.0,1
24,512,1024,60.0,0
25,512,152,60.0,1
26,512,1024,65.0,0
27,512,164,65.0,1
28,512,1024,70.0,0
29,512,176,70.0,1
30,512,1024,75.0,0
31,512,188,75.0,1
32,512,1024,80.0,0
33,512,200,80.0,1
34,512,1024,85.0,0
35,512,212,85.0,1
36,512,1024,90.0,0
37,512,224,90.0,1
38,512,1024,95.0,0
39,512,236,95.0,1
40,512,1024,100.0,0
41,512,248,100.0,1
42,512,1024,105.0,0
43,512,260,105.0,1
44,512,1024,110.0,0
45,512,272,110.0,1
46,512,1024,115.0,0
47,512,284,115.0,1
48,512,1024,120.0,0
49,512,296,120.0,1
50,512,1024,125.0,0
51,512,308,125.0,1
52,512,1024,130.0,0
53,512,320,130.0,1
54,512,1024,135.0,0
55,512,332,135.0,1
56,512,1024,140.0,0
57,512,344,140.0,1
58,512,1024,145.0,0
59,512,356,145.0,1
60,512,1024,150.0,0
61,512,368,150.0,1
62,512,1024,155.0,0
63,512,380,155.0,1
64,512,1024,160.0,0
65,512,392,160.0,1
66,512,1024,165.0,0
67,512,404,165.0,1
68,512,1024,170.0,0
69,512,416,170.0,1
70,512,1024,175.0,0
71,512,428,175.0,1
72,512,1024,180.0,0
73,512,440,180.0,1
74,512,1024,185.0,0
75,512,452,185.0,1
76,512,1024,190.0,0
77,512,464,190.0,1
78,512,1024,195.0,0
79,512,476,195.0,1
80,512,64,3000.0,1
81,512,64,3005.0,1
82,512,64,3010.0,1
83,512,64,3015.0,1
84,512,64,3020.0,1
85,512,64,3025.0,1
86,512,64,3030.0,1
87,512,64,3035.0,1
