B,rollout,engine,dur_s
16,0,5,244.176929
16,0,4,293.259468
16,0,7,310.924079
16,0,2,364.300185
16,0,0,380.405585
16,0,1,382.683834
16,0,3,398.758196
16,0,6,420.034809
16,1,7,205.166581
16,1,5,256.482827
16,1,1,290.871389
16,1,3,302.607217
16,1,2,306.648919
16,1,4,322.895972
16,1,6,400.620310
16,1,0,439.623125
16,2,5,284.673850
16,2,6,286.428722
16,2,7,291.124018
16,2,4,329.116240
16,2,0,353.755394
16,2,2,355.934332
16,2,1,379.980543
16,2,3,400.820144
16,3,0,276.377990
16,3,5,294.541582
16,3,7,302.082140
16,3,6,327.247049
16,3,3,337.528384
16,3,4,347.674524
16,3,1,352.243379
16,3,2,416.570837
16,4,0,215.672877
16,4,4,287.738381
16,4,2,292.041999
16,4,5,310.978182
16,4,3,324.415106
16,4,6,339.945195
16,4,1,356.615738
16,4,7,418.569041
16,5,6,221.308266
16,5,7,247.614293
16,5,4,290.963072
16,5,3,298.302459
16,5,2,299.710039
16,5,5,318.365208
16,5,0,357.448678
16,5,1,402.322511
16,6,6,243.262660
16,6,0,270.509013
16,6,7,282.003984
16,6,2,330.870528
16,6,3,342.918243
16,6,5,354.784149
16,6,4,357.784361
16,6,1,498.123787
16,7,2,291.594385
16,7,6,316.931177
16,7,3,320.415433
16,7,7,322.505067
16,7,0,341.192419
16,7,5,354.874418
16,7,1,372.266797
16,7,4,418.055227
16,8,0,262.483084
16,8,7,264.004360
16,8,4,289.871387
16,8,5,338.797463
16,8,1,355.391509
16,8,2,365.116870
16,8,6,368.846472
16,8,3,390.290045
16,9,1,277.376115
16,9,3,303.127771
16,9,0,307.648516
16,9,7,309.178560
16,9,2,339.632219
16,9,6,343.026346
16,9,4,348.863977
16,9,5,417.754317
16,10,6,344.293270
16,10,0,346.026358
16,10,4,392.211308
16,10,3,394.300130
16,10,1,396.533656
16,10,2,402.180309
16,10,7,414.120002
16,10,5,434.005939
16,11,5,309.608602
16,11,2,311.500665
16,11,3,315.651308
16,11,6,356.031619
16,11,7,359.428496
16,11,1,376.547165
16,11,4,388.992697
16,11,0,399.565793
16,12,2,310.280942
16,12,5,319.989802
16,12,3,328.415374
16,12,7,331.391574
16,12,6,341.312277
16,12,1,349.454699
16,12,0,351.305862
16,12,4,479.474852
16,13,5,277.920888
16,13,1,290.207069
16,13,7,296.996871
16,13,3,308.322343
16,13,6,315.325669
16,13,0,349.152859
16,13,2,393.339545
16,13,4,407.291548
16,14,1,287.589959
16,14,7,299.197348
16,14,3,331.911126
16,14,2,332.480392
16,14,4,398.748950
16,14,0,422.786760
16,14,5,458.792655
16,14,6,498.173635
16,15,1,219.248053
16,15,4,245.798103
16,15,7,264.264113
16,15,6,276.795433
16,15,0,315.016152
16,15,5,332.809783
16,15,3,358.842872
16,15,2,391.186984
16,16,4,235.096463
16,16,6,273.074725
16,16,7,274.066568
16,16,5,322.448303
16,16,2,404.261374
16,16,0,405.379395
16,16,3,421.703000
16,16,1,470.824010
16,17,1,311.227707
16,17,6,322.808862
16,17,7,332.810364
16,17,3,339.280904
16,17,4,348.193258
16,17,5,455.384187
16,17,2,458.925716
16,17,0,590.140263
16,18,1,210.673393
16,18,4,278.846858
16,18,0,296.022535
16,18,3,361.607263
16,18,2,362.294499
16,18,7,373.338462
16,18,5,394.698471
16,18,6,431.510363
16,19,7,266.332511
16,19,6,319.413300
16,19,4,327.716734
16,19,5,328.385223
16,19,1,351.583010
16,19,0,359.460385
16,19,2,367.878386
16,19,3,430.237306
32,0,5,244.003188
32,0,4,281.834643
32,0,7,316.283283
32,0,0,353.763941
32,0,1,356.451504
32,0,6,380.166161
32,0,2,407.836640
32,0,3,425.080245
32,1,7,205.367816
32,1,5,256.718750
32,1,4,271.354723
32,1,2,303.234619
32,1,3,303.694621
32,1,1,333.209972
32,1,6,392.664054
32,1,0,441.073439
32,2,6,272.472992
32,2,7,273.527902
32,2,4,323.952735
32,2,5,326.280921
32,2,2,349.334819
32,2,0,354.507586
32,2,1,373.588433
32,2,3,406.307259
32,3,0,275.875826
32,3,5,294.133167
32,3,7,302.540943
32,3,6,325.528035
32,3,4,337.970749
32,3,1,345.550495
32,3,3,354.082026
32,3,2,416.962786
32,4,0,216.027484
32,4,4,288.716520
32,4,5,290.733419
32,4,2,319.847694
32,4,3,321.251006
32,4,1,338.492578
32,4,6,376.186787
32,4,7,416.226029
32,5,6,221.419256
32,5,7,230.563291
32,5,3,298.775815
32,5,2,300.117393
32,5,4,310.806414
32,5,5,312.617657
32,5,0,360.651477
32,5,1,402.339135
32,6,6,243.235051
32,6,7,268.406573
32,6,0,285.976720
32,6,2,329.861735
32,6,3,331.477549
32,6,4,349.144250
32,6,5,352.577769
32,6,1,499.387594
32,7,6,273.688856
32,7,7,276.412517
32,7,2,334.576372
32,7,3,337.529901
32,7,5,355.641722
32,7,4,357.836238
32,7,0,401.170827
32,7,1,412.085946
32,8,0,262.484999
32,8,7,263.446866
32,8,4,289.971616
32,8,5,331.954945
32,8,1,347.333647
32,8,6,350.978986
32,8,2,372.857503
32,8,3,400.076864
32,9,1,275.363941
32,9,0,286.210150
32,9,6,303.680298
32,9,7,304.335328
32,9,4,324.079299
32,9,2,347.064691
32,9,3,347.964859
32,9,5,421.374052
32,10,6,342.832391
32,10,0,345.151848
32,10,7,376.689734
32,10,1,388.466854
32,10,3,392.749305
32,10,2,399.253335
32,10,5,429.339008
32,10,4,441.966624
32,11,2,303.179047
32,11,3,304.800312
32,11,6,324.882462
32,11,7,345.552367
32,11,5,359.783972
32,11,4,371.086210
32,11,1,396.984284
32,11,0,401.574017
32,12,2,310.160780
32,12,5,318.993624
32,12,3,325.498216
32,12,6,332.244482
32,12,7,334.553269
32,12,0,344.966856
32,12,1,347.818363
32,12,4,484.513765
32,13,5,276.737663
32,13,1,289.126303
32,13,7,296.045808
32,13,6,297.922575
32,13,2,320.640243
32,13,3,323.081964
32,13,0,358.577499
32,13,4,432.631331
32,14,1,286.639127
32,14,7,298.251062
32,14,2,316.878785
32,14,3,318.179819
32,14,0,396.490777
32,14,6,447.677500
32,14,5,452.105572
32,14,4,501.651501
32,15,1,218.801449
32,15,0,246.773858
32,15,6,268.698463
32,15,7,269.624901
32,15,4,315.427781
32,15,5,319.763281
32,15,3,365.576247
32,15,2,390.922483
32,16,4,235.585254
32,16,7,269.943858
32,16,6,272.634170
32,16,5,299.322960
32,16,2,404.344951
32,16,3,406.865026
32,16,0,453.311838
32,16,1,464.136059
32,17,1,311.411469
32,17,6,321.382769
32,17,7,323.113624
32,17,3,340.731726
32,17,4,352.283726
32,17,2,435.959561
32,17,5,467.975265
32,17,0,594.871351
32,18,1,210.628510
32,18,4,279.174382
32,18,0,285.602862
32,18,2,334.768032
32,18,3,337.541214
32,18,5,390.893940
32,18,7,419.743774
32,18,6,427.477690
32,19,7,267.549288
32,19,6,317.026996
32,19,4,325.780040
32,19,5,326.375285
32,19,0,346.666735
32,19,1,347.342267
32,19,2,380.107807
32,19,3,432.141487
64,0,4,240.090616
64,0,5,240.619230
64,0,7,332.913781
64,0,6,339.747708
64,0,2,356.654258
64,0,3,359.420694
64,0,1,407.340533
64,0,0,454.545427
64,1,7,206.359308
64,1,4,249.983054
64,1,5,250.988794
64,1,2,283.844425
64,1,3,285.775448
64,1,6,336.404045
64,1,1,404.500963
64,1,0,455.689600
64,2,7,258.273144
64,2,6,260.515570
64,2,4,292.422288
64,2,5,293.327734
64,2,2,345.947974
64,2,0,353.923861
64,2,1,359.073032
64,2,3,459.832037
64,3,0,276.671067
64,3,1,281.781176
64,3,4,297.117602
64,3,5,299.683977
64,3,6,335.216299
64,3,7,335.834365
64,3,3,377.387887
64,3,2,421.657554
64,4,0,215.539157
64,4,1,222.496288
64,4,2,298.578510
64,4,3,302.560631
64,4,4,336.294087
64,4,5,339.828262
64,4,6,389.320301
64,4,7,415.219582
64,5,6,190.472008
64,5,7,194.674736
64,5,4,284.203305
64,5,5,288.087240
64,5,3,305.420065
64,5,2,309.132604
64,5,0,391.300604
64,5,1,407.954077
64,6,6,243.421155
64,6,7,248.020645
64,6,2,270.063563
64,6,3,274.138273
64,6,4,340.249837
64,6,5,344.110423
64,6,0,404.305669
64,6,1,494.287846
64,7,6,237.496875
64,7,7,241.447230
64,7,2,307.597531
64,7,3,310.708809
64,7,0,345.175286
64,7,1,348.767227
64,7,5,425.756500
64,7,4,452.437921
64,8,0,262.211827
64,8,7,262.575093
64,8,6,269.331511
64,8,1,284.376429
64,8,4,348.513592
64,8,5,349.284139
64,8,3,384.479830
64,8,2,422.601207
64,9,0,255.506485
64,9,1,257.224995
64,9,6,291.588085
64,9,7,293.109550
64,9,2,319.036096
64,9,3,320.452549
64,9,4,404.661357
64,9,5,427.867003
64,10,6,343.886251
64,10,0,346.425655
64,10,7,358.643088
64,10,1,370.038994
64,10,2,400.636262
64,10,3,403.163718
64,10,5,433.201529
64,10,4,452.533304
64,11,2,264.223389
64,11,3,267.777924
64,11,6,323.919622
64,11,7,327.626984
64,11,4,340.804044
64,11,5,342.522580
64,11,1,405.731931
64,11,0,436.522125
64,12,2,294.888536
64,12,3,299.227562
64,12,6,303.267327
64,12,7,304.791777
64,12,0,334.644118
64,12,1,335.630819
64,12,5,393.721198
64,12,4,477.960553
64,13,6,252.488489
64,13,7,254.095544
64,13,2,287.378143
64,13,3,287.973853
64,13,0,320.190974
64,13,1,320.459774
64,13,4,407.401084
64,13,5,428.244723
64,14,0,284.906498
64,14,1,287.107847
64,14,2,330.078815
64,14,3,332.678504
64,14,6,403.402915
64,14,7,403.833915
64,14,5,485.650368
64,14,4,501.639979
64,15,0,200.007011
64,15,1,201.410470
64,15,6,240.300524
64,15,7,242.223680
64,15,4,314.519454
64,15,5,316.039673
64,15,3,385.605346
64,15,2,397.075551
64,16,4,218.942868
64,16,5,223.085123
64,16,6,268.133574
64,16,7,270.430393
64,16,2,382.791405
64,16,3,386.861088
64,16,1,469.268263
64,16,0,482.587997
64,17,6,295.539736
64,17,7,298.523233
64,17,1,328.549556
64,17,2,345.881207
64,17,3,346.353930
64,17,4,447.361082
64,17,5,450.063509
64,17,0,612.119482
64,18,1,211.004259
64,18,0,251.337313
64,18,4,301.333504
64,18,5,325.778491
64,18,3,339.004240
64,18,2,340.717991
64,18,6,432.620919
64,18,7,457.807689
64,19,4,246.994424
64,19,5,250.501095
64,19,0,313.105452
64,19,1,314.348924
64,19,2,343.443368
64,19,3,347.248381
64,19,7,405.248373
64,19,6,430.655427
96,0,4,225.248051
96,0,5,225.403527
96,0,6,302.010683
96,0,7,303.344332
96,0,3,358.110953
96,0,2,359.715389
96,0,0,433.221258
96,0,1,468.058984
96,1,6,204.723497
96,1,7,205.291856
96,1,2,274.323452
96,1,3,278.867355
96,1,4,301.519739
96,1,5,302.198926
96,1,1,400.658526
96,1,0,465.103461
96,2,6,245.610135
96,2,7,247.837986
96,2,4,291.939485
96,2,5,292.299040
96,2,2,345.886092
96,2,3,352.886567
96,2,1,410.267093
96,2,0,435.931650
96,3,0,229.924548
96,3,1,238.106008
96,3,6,271.063190
96,3,7,274.137933
96,3,4,339.388999
96,3,5,340.326549
96,3,3,410.362189
96,3,2,451.125430
96,4,0,164.152612
96,4,1,171.313299
96,4,2,269.102834
96,4,3,275.022117
96,4,4,335.588088
96,4,5,338.483613
96,4,6,427.860428
96,4,7,429.721534
96,5,6,156.492824
96,5,7,162.670013
96,5,4,264.188862
96,5,5,270.478840
96,5,0,325.456789
96,5,1,330.798527
96,5,3,367.790372
96,5,2,438.391472
96,6,6,236.612800
96,6,7,241.423483
96,6,2,264.108719
96,6,3,268.325438
96,6,4,320.705718
96,6,5,324.411016
96,6,0,424.615701
96,6,1,496.828422
96,7,6,211.295768
96,7,7,216.259631
96,7,2,247.331363
96,7,3,251.702984
96,7,4,332.961684
96,7,5,336.238300
96,7,0,433.584248
96,7,1,534.831635
96,8,4,220.617041
96,8,5,226.350989
96,8,2,281.926630
96,8,3,286.191481
96,8,6,324.148227
96,8,7,327.004848
96,8,0,419.657858
96,8,1,425.172248
96,9,0,221.229980
96,9,1,224.693190
96,9,6,266.828184
96,9,7,269.861781
96,9,2,326.991590
96,9,3,330.451048
96,9,4,423.612214
96,9,5,434.948223
96,10,6,320.897819
96,10,7,327.073322
96,10,1,369.377897
96,10,0,371.415125
96,10,4,384.976076
96,10,5,389.988034
96,10,2,453.910238
96,10,3,461.965957
96,11,2,243.360953
96,11,3,248.187867
96,11,6,298.305765
96,11,7,302.831653
96,11,4,342.914702
96,11,5,344.840498
96,11,1,437.433589
96,11,0,446.288094
96,12,6,270.057285
96,12,7,273.207076
96,12,0,288.880009
96,12,1,293.735721
96,12,4,344.275923
96,12,5,345.342033
96,12,2,447.384810
96,12,3,465.048124
96,13,6,195.077055
96,13,7,198.575333
96,13,4,257.284536
96,13,5,257.846500
96,13,2,337.069504
96,13,3,337.877271
96,13,0,434.423203
96,13,1,465.451050
96,14,0,243.843566
96,14,1,246.939028
96,14,6,305.575483
96,14,7,307.623166
96,14,2,408.459550
96,14,3,411.555187
96,14,5,464.066217
96,14,4,530.491476
96,15,0,167.562101
96,15,1,170.651825
96,15,7,240.973107
96,15,6,243.212470
96,15,4,294.851785
96,15,5,296.832393
96,15,3,397.851401
96,15,2,434.827877
96,16,5,204.540742
96,16,4,204.937366
96,16,6,261.588988
96,16,7,265.084540
96,16,0,326.588682
96,16,1,332.789413
96,16,3,506.568427
96,16,2,530.643407
96,17,6,168.771456
96,17,7,172.198857
96,17,1,333.056190
96,17,4,344.614116
96,17,5,350.848700
96,17,0,426.132805
96,17,2,594.361407
96,17,3,626.701153
96,18,0,215.425101
96,18,1,217.646052
96,18,2,292.314565
96,18,3,296.008121
96,18,4,324.672302
96,18,5,328.955131
96,18,6,463.392427
96,18,7,464.336810
96,19,4,214.323231
96,19,5,218.720364
96,19,6,293.495761
96,19,7,293.951775
96,19,0,335.361397
96,19,1,337.346756
96,19,2,407.734803
96,19,3,482.650453
128,0,4,152.553904
128,0,5,156.002652
128,0,6,290.204780
128,0,7,294.061572
128,0,2,338.388650
128,0,3,344.383169
128,0,1,458.746183
128,0,0,548.897249
128,1,6,141.055195
128,1,7,144.021137
128,1,2,235.738648
128,1,3,241.206360
128,1,5,327.110474
128,1,4,329.568995
128,1,1,435.336454
128,1,0,484.085721
128,2,2,217.119000
128,2,3,224.856879
128,2,6,269.785460
128,2,7,273.774729
128,2,4,326.411433
128,2,5,328.798670
128,2,0,442.108398
128,2,1,553.490618
128,3,0,206.074206
128,3,1,214.930728
128,3,6,264.370238
128,3,7,267.347248
128,3,4,301.449935
128,3,5,301.738576
128,3,3,431.561849
128,3,2,516.660830
128,4,5,121.293989
128,4,4,123.381158
128,4,2,262.665034
128,4,3,267.865156
128,4,0,332.027900
128,4,1,341.911416
128,4,7,454.479107
128,4,6,498.597860
128,5,6,144.356541
128,5,7,151.266165
128,5,4,242.481690
128,5,5,249.601563
128,5,2,316.486481
128,5,3,316.731492
128,5,0,388.681172
128,5,1,475.682840
128,6,6,207.636464
128,6,7,213.716379
128,6,2,258.642119
128,6,3,259.250444
128,6,4,309.494610
128,6,5,314.551177
128,6,0,459.174885
128,6,1,524.110827
128,7,2,158.386497
128,7,3,162.801668
128,7,6,265.393916
128,7,7,271.856919
128,7,4,320.415828
128,7,5,324.899751
128,7,0,416.929035
128,7,1,580.457558
128,8,6,186.763308
128,8,7,191.558230
128,8,4,228.965820
128,8,5,234.932811
128,8,2,313.266116
128,8,3,313.547185
128,8,0,461.296551
128,8,1,484.730923
128,9,0,141.073528
128,9,1,145.849104
128,9,4,262.995162
128,9,5,272.671283
128,9,2,337.355942
128,9,3,337.838268
128,9,7,440.848538
128,9,6,489.303354
128,10,6,291.989660
128,10,7,292.245175
128,10,0,360.015448
128,10,1,366.117724
128,10,4,391.672486
128,10,5,397.435257
128,10,3,452.183097
128,10,2,488.953320
128,11,2,184.417455
128,11,3,190.284358
128,11,7,293.662762
128,11,6,295.676076
128,11,4,321.687068
128,11,5,323.414178
128,11,0,492.565537
128,11,1,495.401712
128,12,6,221.922566
128,12,7,227.835476
128,12,2,263.192081
128,12,3,270.432793
128,12,1,328.409887
128,12,0,330.241691
128,12,5,464.237876
128,12,4,517.542947
128,13,6,164.764474
128,13,7,168.448686
128,13,4,247.672759
128,13,5,248.854729
128,13,2,289.619621
128,13,3,291.680634
128,13,0,481.077105
128,13,1,500.183647
128,14,0,191.368722
128,14,1,197.251655
128,14,6,291.707063
128,14,7,292.862649
128,14,2,370.288053
128,14,3,376.339312
128,14,4,564.492892
128,14,5,585.805247
128,15,0,142.706975
128,15,1,147.079609
128,15,6,196.490079
128,15,7,202.133194
128,15,4,284.041539
128,15,5,290.315786
128,15,3,408.754335
128,15,2,489.541921
128,16,4,175.436912
128,16,5,181.423855
128,16,6,240.972165
128,16,7,244.590282
128,16,1,342.501408
128,16,0,345.014915
128,16,2,520.844094
128,16,3,555.765037
128,17,6,133.616181
128,17,7,137.400428
128,17,4,269.469691
128,17,5,279.114957
128,17,1,401.977481
128,17,0,417.583877
128,17,3,620.554956
128,17,2,705.334654
128,18,0,185.347502
128,18,1,188.311497
128,18,3,258.181696
128,18,2,258.573617
128,18,4,314.756044
128,18,5,320.647964
128,18,6,495.584228
128,18,7,496.990342
128,19,4,160.172836
128,19,5,165.890004
128,19,6,253.765223
128,19,7,257.650804
128,19,2,362.068621
128,19,3,366.214179
128,19,1,464.364388
128,19,0,495.962893
