B,rollout,train_group,abs_ts,kind
16,0,2,2026-09-19 10:38:21,fire
16,0,0,2026-09-19 10:39:48,fire
16,0,1,2026-09-19 10:40:06,fire
16,0,-1,2026-09-19 10:40:28,end
16,1,1,2026-09-19 10:49:41,fire
16,1,2,2026-09-19 10:50:01,fire
16,1,3,2026-09-19 10:51:19,fire
16,1,-1,2026-09-19 10:51:58,end
16,2,3,2026-09-19 10:59:43,fire
16,2,2,2026-09-19 11:00:26,fire
16,2,0,2026-09-19 11:01:17,fire
16,2,-1,2026-09-19 11:01:38,end
16,3,3,2026-09-19 11:10:38,fire
16,3,2,2026-09-19 11:10:59,fire
16,3,0,2026-09-19 11:11:04,fire
16,3,-1,2026-09-19 11:12:08,end
16,4,2,2026-09-19 11:20:44,fire
16,4,1,2026-09-19 11:20:57,fire
16,4,0,2026-09-19 11:21:30,fire
16,4,-1,2026-09-19 11:22:32,end
16,5,3,2026-09-19 11:29:38,fire
16,5,1,2026-09-19 11:30:30,fire
16,5,2,2026-09-19 11:30:48,fire
16,5,-1,2026-09-19 11:32:14,end
16,6,3,2026-09-19 11:39:33,fire
16,6,1,2026-09-19 11:40:33,fire
16,6,2,2026-09-19 11:40:46,fire
16,6,-1,2026-09-19 11:43:09,end
16,7,1,2026-09-19 11:50:33,fire
16,7,3,2026-09-19 11:50:35,fire
16,7,0,2026-09-19 11:51:25,fire
16,7,-1,2026-09-19 11:52:12,end
16,8,2,2026-09-19 12:01:04,fire
16,8,0,2026-09-19 12:01:20,fire
16,8,3,2026-09-19 12:01:34,fire
16,8,-1,2026-09-19 12:01:56,end
16,9,0,2026-09-19 12:10:35,fire
16,9,1,2026-09-19 12:11:07,fire
16,9,3,2026-09-19 12:11:10,fire
16,9,-1,2026-09-19 12:12:24,end
16,10,0,2026-09-19 12:21:59,fire
16,10,1,2026-09-19 12:22:05,fire
16,10,3,2026-09-19 12:22:16,fire
16,10,-1,2026-09-19 12:22:37,end
16,11,1,2026-09-19 12:32:11,fire
16,11,3,2026-09-19 12:32:55,fire
16,11,2,2026-09-19 12:33:24,fire
16,11,-1,2026-09-19 12:33:36,end
16,12,1,2026-09-19 12:42:55,fire
16,12,3,2026-09-19 12:43:08,fire
16,12,0,2026-09-19 12:43:17,fire
16,12,-1,2026-09-19 12:45:27,end
16,13,3,2026-09-19 12:53:26,fire
16,13,0,2026-09-19 12:54:00,fire
16,13,1,2026-09-19 12:54:44,fire
16,13,-1,2026-09-19 12:54:59,end
16,14,1,2026-09-19 13:03:54,fire
16,14,0,2026-09-19 13:05:24,fire
16,14,2,2026-09-19 13:06:01,fire
16,14,-1,2026-09-19 13:06:40,end
16,15,3,2026-09-19 13:14:33,fire
16,15,0,2026-09-19 13:15:11,fire
16,15,2,2026-09-19 13:15:29,fire
16,15,-1,2026-09-19 13:16:28,end
16,16,3,2026-09-19 13:23:50,fire
16,16,2,2026-09-19 13:24:39,fire
16,16,1,2026-09-19 13:26:18,fire
16,16,-1,2026-09-19 13:27:08,end
16,17,3,2026-09-19 13:35:09,fire
16,17,2,2026-09-19 13:37:12,fire
16,17,1,2026-09-19 13:37:15,fire
16,17,-1,2026-09-19 13:39:27,end
16,18,0,2026-09-19 13:46:49,fire
16,18,1,2026-09-19 13:47:55,fire
16,18,2,2026-09-19 13:48:27,fire
16,18,-1,2026-09-19 13:49:05,end
16,19,3,2026-09-19 13:57:33,fire
16,19,2,2026-09-19 13:57:42,fire
16,19,0,2026-09-19 13:58:14,fire
16,19,-1,2026-09-19 13:59:25,end
32,0,2,2026-09-19 14:17:16,fire
32,0,2,2026-09-19 14:17:17,fire
32,0,2,2026-09-19 14:17:17,fire
32,0,0,2026-09-19 14:18:28,fire
32,0,0,2026-09-19 14:18:28,fire
32,0,0,2026-09-19 14:18:30,fire
32,0,3,2026-09-19 14:18:54,fire
32,0,3,2026-09-19 14:18:55,fire
32,0,3,2026-09-19 14:18:55,fire
32,0,-1,2026-09-19 14:19:41,end
32,1,2,2026-09-19 14:27:51,fire
32,1,2,2026-09-19 14:27:52,fire
32,1,2,2026-09-19 14:27:52,fire
32,1,1,2026-09-19 14:28:24,fire
32,1,1,2026-09-19 14:28:25,fire
32,1,3,2026-09-19 14:29:53,fire
32,1,3,2026-09-19 14:29:53,fire
32,1,3,2026-09-19 14:29:54,fire
32,1,-1,2026-09-19 14:30:43,end
32,2,3,2026-09-19 14:37:44,fire
32,2,3,2026-09-19 14:37:45,fire
32,2,3,2026-09-19 14:37:45,fire
32,2,2,2026-09-19 14:38:35,fire
32,2,2,2026-09-19 14:38:36,fire
32,2,2,2026-09-19 14:38:37,fire
32,2,0,2026-09-19 14:39:25,fire
32,2,0,2026-09-19 14:39:25,fire
32,2,0,2026-09-19 14:39:26,fire
32,2,-1,2026-09-19 14:39:59,end
32,3,3,2026-09-19 14:48:41,fire
32,3,3,2026-09-19 14:48:43,fire
32,3,3,2026-09-19 14:48:43,fire
32,3,2,2026-09-19 14:48:54,fire
32,3,2,2026-09-19 14:48:55,fire
32,3,2,2026-09-19 14:48:56,fire
32,3,0,2026-09-19 14:49:03,fire
32,3,0,2026-09-19 14:49:03,fire
32,3,-1,2026-09-19 14:50:15,end
32,4,2,2026-09-19 14:58:15,fire
32,4,2,2026-09-19 14:58:16,fire
32,4,2,2026-09-19 14:58:16,fire
32,4,1,2026-09-19 14:58:46,fire
32,4,1,2026-09-19 14:58:46,fire
32,4,1,2026-09-19 14:58:47,fire
32,4,0,2026-09-19 14:59:02,fire
32,4,0,2026-09-19 14:59:04,fire
32,4,0,2026-09-19 14:59:04,fire
32,4,-1,2026-09-19 15:00:23,end
32,5,3,2026-09-19 15:07:02,fire
32,5,3,2026-09-19 15:07:03,fire
32,5,3,2026-09-19 15:07:04,fire
32,5,1,2026-09-19 15:08:13,fire
32,5,1,2026-09-19 15:08:13,fire
32,5,2,2026-09-19 15:08:24,fire
32,5,2,2026-09-19 15:08:25,fire
32,5,2,2026-09-19 15:08:26,fire
32,5,-1,2026-09-19 15:09:56,end
32,6,3,2026-09-19 15:16:43,fire
32,6,3,2026-09-19 15:16:44,fire
32,6,3,2026-09-19 15:16:44,fire
32,6,1,2026-09-19 15:17:46,fire
32,6,1,2026-09-19 15:17:47,fire
32,6,1,2026-09-19 15:17:47,fire
32,6,2,2026-09-19 15:18:06,fire
32,6,2,2026-09-19 15:18:06,fire
32,6,2,2026-09-19 15:18:06,fire
32,6,-1,2026-09-19 15:20:36,end
32,7,3,2026-09-19 15:27:02,fire
32,7,3,2026-09-19 15:27:03,fire
32,7,3,2026-09-19 15:27:04,fire
32,7,1,2026-09-19 15:28:03,fire
32,7,1,2026-09-19 15:28:05,fire
32,7,1,2026-09-19 15:28:06,fire
32,7,2,2026-09-19 15:28:25,fire
32,7,2,2026-09-19 15:28:25,fire
32,7,2,2026-09-19 15:28:26,fire
32,7,-1,2026-09-19 15:29:21,end
32,8,2,2026-09-19 15:38:04,fire
32,8,2,2026-09-19 15:38:04,fire
32,8,2,2026-09-19 15:38:05,fire
32,8,0,2026-09-19 15:38:18,fire
32,8,0,2026-09-19 15:38:19,fire
32,8,0,2026-09-19 15:38:20,fire
32,8,3,2026-09-19 15:38:22,fire
32,8,3,2026-09-19 15:38:23,fire
32,8,3,2026-09-19 15:38:23,fire
32,8,-1,2026-09-19 15:39:13,end
32,9,0,2026-09-19 15:47:17,fire
32,9,0,2026-09-19 15:47:18,fire
32,9,0,2026-09-19 15:47:19,fire
32,9,3,2026-09-19 15:47:34,fire
32,9,3,2026-09-19 15:47:35,fire
32,9,3,2026-09-19 15:47:37,fire
32,9,1,2026-09-19 15:48:20,fire
32,9,1,2026-09-19 15:48:20,fire
32,9,1,2026-09-19 15:48:21,fire
32,9,-1,2026-09-19 15:49:34,end
32,10,3,2026-09-19 15:58:34,fire
32,10,3,2026-09-19 15:58:35,fire
32,10,3,2026-09-19 15:58:35,fire
32,10,0,2026-09-19 15:58:46,fire
32,10,0,2026-09-19 15:58:47,fire
32,10,0,2026-09-19 15:58:47,fire
32,10,1,2026-09-19 15:58:57,fire
32,10,1,2026-09-19 15:58:58,fire
32,10,1,2026-09-19 15:58:59,fire
32,10,-1,2026-09-19 15:59:41,end
32,11,1,2026-09-19 16:08:46,fire
32,11,1,2026-09-19 16:08:46,fire
32,11,1,2026-09-19 16:08:48,fire
32,11,3,2026-09-19 16:09:27,fire
32,11,3,2026-09-19 16:09:27,fire
32,11,3,2026-09-19 16:09:28,fire
32,11,2,2026-09-19 16:09:52,fire
32,11,2,2026-09-19 16:09:53,fire
32,11,2,2026-09-19 16:09:54,fire
32,11,-1,2026-09-19 16:10:25,end
32,12,1,2026-09-19 16:19:20,fire
32,12,1,2026-09-19 16:19:20,fire
32,12,1,2026-09-19 16:19:21,fire
32,12,3,2026-09-19 16:19:27,fire
32,12,3,2026-09-19 16:19:28,fire
32,12,0,2026-09-19 16:19:39,fire
32,12,0,2026-09-19 16:19:41,fire
32,12,0,2026-09-19 16:19:41,fire
32,12,-1,2026-09-19 16:22:00,end
32,13,3,2026-09-19 16:29:30,fire
32,13,3,2026-09-19 16:29:31,fire
32,13,3,2026-09-19 16:29:31,fire
32,13,1,2026-09-19 16:29:53,fire
32,13,1,2026-09-19 16:29:54,fire
32,13,1,2026-09-19 16:29:55,fire
32,13,0,2026-09-19 16:30:31,fire
32,13,0,2026-09-19 16:30:32,fire
32,13,0,2026-09-19 16:30:32,fire
32,13,-1,2026-09-19 16:31:47,end
32,14,1,2026-09-19 16:39:44,fire
32,14,1,2026-09-19 16:39:45,fire
32,14,1,2026-09-19 16:39:45,fire
32,14,0,2026-09-19 16:41:01,fire
32,14,0,2026-09-19 16:41:02,fire
32,14,0,2026-09-19 16:41:03,fire
32,14,3,2026-09-19 16:41:54,fire
32,14,3,2026-09-19 16:41:54,fire
32,14,3,2026-09-19 16:41:55,fire
32,14,-1,2026-09-19 16:42:49,end
32,15,0,2026-09-19 16:49:56,fire
32,15,0,2026-09-19 16:49:58,fire
32,15,0,2026-09-19 16:49:58,fire
32,15,3,2026-09-19 16:50:20,fire
32,15,3,2026-09-19 16:50:20,fire
32,15,3,2026-09-19 16:50:21,fire
32,15,2,2026-09-19 16:51:07,fire
32,15,2,2026-09-19 16:51:08,fire
32,15,2,2026-09-19 16:51:08,fire
32,15,-1,2026-09-19 16:52:23,end
32,16,3,2026-09-19 16:59:17,fire
32,16,3,2026-09-19 16:59:17,fire
32,16,2,2026-09-19 16:59:44,fire
32,16,2,2026-09-19 16:59:45,fire
32,16,2,2026-09-19 16:59:46,fire
32,16,1,2026-09-19 17:01:32,fire
32,16,1,2026-09-19 17:01:33,fire
32,16,1,2026-09-19 17:01:34,fire
32,16,-1,2026-09-19 17:02:32,end
32,17,3,2026-09-19 17:10:25,fire
32,17,3,2026-09-19 17:10:25,fire
32,17,3,2026-09-19 17:10:26,fire
32,17,1,2026-09-19 17:12:18,fire
32,17,1,2026-09-19 17:12:19,fire
32,17,1,2026-09-19 17:12:19,fire
32,17,2,2026-09-19 17:12:49,fire
32,17,2,2026-09-19 17:12:50,fire
32,17,2,2026-09-19 17:12:50,fire
32,17,-1,2026-09-19 17:14:59,end
32,18,0,2026-09-19 17:21:54,fire
32,18,0,2026-09-19 17:21:55,fire
32,18,0,2026-09-19 17:21:56,fire
32,18,1,2026-09-19 17:22:44,fire
32,18,1,2026-09-19 17:22:44,fire
32,18,1,2026-09-19 17:22:45,fire
32,18,2,2026-09-19 17:23:40,fire
32,18,2,2026-09-19 17:23:40,fire
32,18,2,2026-09-19 17:23:41,fire
32,18,-1,2026-09-19 17:24:18,end
32,19,3,2026-09-19 17:32:33,fire
32,19,3,2026-09-19 17:32:34,fire
32,19,3,2026-09-19 17:32:35,fire
32,19,2,2026-09-19 17:32:44,fire
32,19,2,2026-09-19 17:32:44,fire
32,19,2,2026-09-19 17:32:44,fire
32,19,0,2026-09-19 17:33:04,fire
32,19,0,2026-09-19 17:33:05,fire
32,19,0,2026-09-19 17:33:05,fire
32,19,-1,2026-09-19 17:34:31,end
64,0,2,2026-09-19 17:51:42,fire
64,0,2,2026-09-19 17:51:43,fire
64,0,2,2026-09-19 17:51:44,fire
64,0,2,2026-09-19 17:51:44,fire
64,0,2,2026-09-19 17:51:45,fire
64,0,2,2026-09-19 17:51:46,fire
64,0,2,2026-09-19 17:51:47,fire
64,0,3,2026-09-19 17:53:20,fire
64,0,3,2026-09-19 17:53:21,fire
64,0,3,2026-09-19 17:53:22,fire
64,0,3,2026-09-19 17:53:23,fire
64,0,3,2026-09-19 17:53:23,fire
64,0,3,2026-09-19 17:53:24,fire
64,0,3,2026-09-19 17:53:25,fire
64,0,1,2026-09-19 17:53:43,fire
64,0,1,2026-09-19 17:53:43,fire
64,0,1,2026-09-19 17:53:44,fire
64,0,1,2026-09-19 17:53:44,fire
64,0,1,2026-09-19 17:53:45,fire
64,0,1,2026-09-19 17:53:46,fire
64,0,-1,2026-09-19 17:55:22,end
64,1,2,2026-09-19 18:02:32,fire
64,1,2,2026-09-19 18:02:33,fire
64,1,2,2026-09-19 18:02:34,fire
64,1,2,2026-09-19 18:02:35,fire
64,1,2,2026-09-19 18:02:35,fire
64,1,2,2026-09-19 18:02:36,fire
64,1,2,2026-09-19 18:02:36,fire
64,1,1,2026-09-19 18:03:08,fire
64,1,1,2026-09-19 18:03:09,fire
64,1,1,2026-09-19 18:03:09,fire
64,1,1,2026-09-19 18:03:10,fire
64,1,1,2026-09-19 18:03:10,fire
64,1,1,2026-09-19 18:03:10,fire
64,1,1,2026-09-19 18:03:11,fire
64,1,3,2026-09-19 18:03:57,fire
64,1,3,2026-09-19 18:03:58,fire
64,1,3,2026-09-19 18:03:59,fire
64,1,3,2026-09-19 18:03:59,fire
64,1,3,2026-09-19 18:04:00,fire
64,1,3,2026-09-19 18:04:01,fire
64,1,3,2026-09-19 18:04:01,fire
64,1,-1,2026-09-19 18:06:02,end
64,2,3,2026-09-19 18:12:22,fire
64,2,3,2026-09-19 18:12:23,fire
64,2,3,2026-09-19 18:12:23,fire
64,2,3,2026-09-19 18:12:24,fire
64,2,3,2026-09-19 18:12:25,fire
64,2,3,2026-09-19 18:12:26,fire
64,2,2,2026-09-19 18:12:56,fire
64,2,2,2026-09-19 18:12:57,fire
64,2,2,2026-09-19 18:12:58,fire
64,2,2,2026-09-19 18:12:58,fire
64,2,2,2026-09-19 18:12:59,fire
64,2,2,2026-09-19 18:12:59,fire
64,2,0,2026-09-19 18:14:02,fire
64,2,0,2026-09-19 18:14:03,fire
64,2,0,2026-09-19 18:14:04,fire
64,2,0,2026-09-19 18:14:05,fire
64,2,0,2026-09-19 18:14:06,fire
64,2,0,2026-09-19 18:14:07,fire
64,2,-1,2026-09-19 18:15:48,end
64,3,0,2026-09-19 18:22:47,fire
64,3,0,2026-09-19 18:22:48,fire
64,3,0,2026-09-19 18:22:49,fire
64,3,0,2026-09-19 18:22:50,fire
64,3,0,2026-09-19 18:22:51,fire
64,3,0,2026-09-19 18:22:51,fire
64,3,0,2026-09-19 18:22:52,fire
64,3,2,2026-09-19 18:23:04,fire
64,3,2,2026-09-19 18:23:05,fire
64,3,2,2026-09-19 18:23:06,fire
64,3,2,2026-09-19 18:23:07,fire
64,3,2,2026-09-19 18:23:08,fire
64,3,2,2026-09-19 18:23:08,fire
64,3,2,2026-09-19 18:23:09,fire
64,3,3,2026-09-19 18:23:44,fire
64,3,3,2026-09-19 18:23:45,fire
64,3,3,2026-09-19 18:23:46,fire
64,3,3,2026-09-19 18:23:46,fire
64,3,3,2026-09-19 18:23:46,fire
64,3,3,2026-09-19 18:23:46,fire
64,3,3,2026-09-19 18:23:46,fire
64,3,-1,2026-09-19 18:25:12,end
64,4,0,2026-09-19 18:31:34,fire
64,4,0,2026-09-19 18:31:35,fire
64,4,0,2026-09-19 18:31:36,fire
64,4,0,2026-09-19 18:31:37,fire
64,4,0,2026-09-19 18:31:38,fire
64,4,0,2026-09-19 18:31:40,fire
64,4,0,2026-09-19 18:31:40,fire
64,4,1,2026-09-19 18:32:56,fire
64,4,1,2026-09-19 18:32:56,fire
64,4,1,2026-09-19 18:32:57,fire
64,4,1,2026-09-19 18:32:58,fire
64,4,1,2026-09-19 18:32:59,fire
64,4,1,2026-09-19 18:33:00,fire
64,4,1,2026-09-19 18:33:01,fire
64,4,2,2026-09-19 18:33:33,fire
64,4,2,2026-09-19 18:33:34,fire
64,4,2,2026-09-19 18:33:34,fire
64,4,2,2026-09-19 18:33:35,fire
64,4,2,2026-09-19 18:33:35,fire
64,4,2,2026-09-19 18:33:36,fire
64,4,2,2026-09-19 18:33:36,fire
64,4,-1,2026-09-19 18:34:54,end
64,5,3,2026-09-19 18:40:34,fire
64,5,3,2026-09-19 18:40:35,fire
64,5,3,2026-09-19 18:40:35,fire
64,5,3,2026-09-19 18:40:36,fire
64,5,3,2026-09-19 18:40:37,fire
64,5,3,2026-09-19 18:40:38,fire
64,5,3,2026-09-19 18:40:39,fire
64,5,2,2026-09-19 18:42:09,fire
64,5,2,2026-09-19 18:42:09,fire
64,5,2,2026-09-19 18:42:10,fire
64,5,2,2026-09-19 18:42:11,fire
64,5,2,2026-09-19 18:42:12,fire
64,5,2,2026-09-19 18:42:12,fire
64,5,1,2026-09-19 18:42:30,fire
64,5,1,2026-09-19 18:42:31,fire
64,5,1,2026-09-19 18:42:32,fire
64,5,1,2026-09-19 18:42:32,fire
64,5,1,2026-09-19 18:42:33,fire
64,5,1,2026-09-19 18:42:34,fire
64,5,1,2026-09-19 18:42:34,fire
64,5,-1,2026-09-19 18:44:13,end
64,6,3,2026-09-19 18:50:28,fire
64,6,3,2026-09-19 18:50:29,fire
64,6,3,2026-09-19 18:50:30,fire
64,6,3,2026-09-19 18:50:31,fire
64,6,3,2026-09-19 18:50:31,fire
64,6,3,2026-09-19 18:50:32,fire
64,6,3,2026-09-19 18:50:32,fire
64,6,1,2026-09-19 18:50:53,fire
64,6,1,2026-09-19 18:50:55,fire
64,6,1,2026-09-19 18:50:55,fire
64,6,1,2026-09-19 18:50:56,fire
64,6,1,2026-09-19 18:50:56,fire
64,6,1,2026-09-19 18:50:57,fire
64,6,1,2026-09-19 18:50:58,fire
64,6,2,2026-09-19 18:52:03,fire
64,6,2,2026-09-19 18:52:04,fire
64,6,2,2026-09-19 18:52:04,fire
64,6,2,2026-09-19 18:52:05,fire
64,6,2,2026-09-19 18:52:05,fire
64,6,2,2026-09-19 18:52:06,fire
64,6,2,2026-09-19 18:52:06,fire
64,6,-1,2026-09-19 18:54:39,end
64,7,3,2026-09-19 19:00:13,fire
64,7,3,2026-09-19 19:00:14,fire
64,7,3,2026-09-19 19:00:14,fire
64,7,3,2026-09-19 19:00:16,fire
64,7,3,2026-09-19 19:00:17,fire
64,7,3,2026-09-19 19:00:17,fire
64,7,3,2026-09-19 19:00:19,fire
64,7,1,2026-09-19 19:01:24,fire
64,7,1,2026-09-19 19:01:25,fire
64,7,1,2026-09-19 19:01:25,fire
64,7,1,2026-09-19 19:01:26,fire
64,7,1,2026-09-19 19:01:27,fire
64,7,1,2026-09-19 19:01:28,fire
64,7,1,2026-09-19 19:01:28,fire
64,7,0,2026-09-19 19:02:03,fire
64,7,0,2026-09-19 19:02:03,fire
64,7,0,2026-09-19 19:02:03,fire
64,7,0,2026-09-19 19:02:04,fire
64,7,0,2026-09-19 19:02:05,fire
64,7,0,2026-09-19 19:02:06,fire
64,7,0,2026-09-19 19:02:07,fire
64,7,-1,2026-09-19 19:03:51,end
64,8,3,2026-09-19 19:10:35,fire
64,8,3,2026-09-19 19:10:36,fire
64,8,3,2026-09-19 19:10:37,fire
64,8,3,2026-09-19 19:10:38,fire
64,8,3,2026-09-19 19:10:38,fire
64,8,3,2026-09-19 19:10:39,fire
64,8,3,2026-09-19 19:10:41,fire
64,8,0,2026-09-19 19:10:51,fire
64,8,0,2026-09-19 19:10:51,fire
64,8,0,2026-09-19 19:10:53,fire
64,8,0,2026-09-19 19:10:53,fire
64,8,0,2026-09-19 19:10:54,fire
64,8,0,2026-09-19 19:10:55,fire
64,8,0,2026-09-19 19:10:55,fire
64,8,2,2026-09-19 19:11:59,fire
64,8,2,2026-09-19 19:12:00,fire
64,8,2,2026-09-19 19:12:00,fire
64,8,2,2026-09-19 19:12:00,fire
64,8,2,2026-09-19 19:12:00,fire
64,8,2,2026-09-19 19:12:01,fire
64,8,-1,2026-09-19 19:13:15,end
64,9,0,2026-09-19 19:20:03,fire
64,9,0,2026-09-19 19:20:05,fire
64,9,0,2026-09-19 19:20:05,fire
64,9,0,2026-09-19 19:20:06,fire
64,9,0,2026-09-19 19:20:07,fire
64,9,0,2026-09-19 19:20:07,fire
64,9,0,2026-09-19 19:20:08,fire
64,9,3,2026-09-19 19:20:39,fire
64,9,3,2026-09-19 19:20:41,fire
64,9,3,2026-09-19 19:20:42,fire
64,9,3,2026-09-19 19:20:43,fire
64,9,3,2026-09-19 19:20:43,fire
64,9,3,2026-09-19 19:20:44,fire
64,9,1,2026-09-19 19:21:08,fire
64,9,1,2026-09-19 19:21:09,fire
64,9,1,2026-09-19 19:21:09,fire
64,9,1,2026-09-19 19:21:10,fire
64,9,1,2026-09-19 19:21:10,fire
64,9,1,2026-09-19 19:21:11,fire
64,9,1,2026-09-19 19:21:11,fire
64,9,-1,2026-09-19 19:22:59,end
64,10,3,2026-09-19 19:31:12,fire
64,10,3,2026-09-19 19:31:13,fire
64,10,3,2026-09-19 19:31:14,fire
64,10,3,2026-09-19 19:31:14,fire
64,10,3,2026-09-19 19:31:15,fire
64,10,3,2026-09-19 19:31:16,fire
64,10,3,2026-09-19 19:31:17,fire
64,10,0,2026-09-19 19:31:23,fire
64,10,0,2026-09-19 19:31:24,fire
64,10,0,2026-09-19 19:31:24,fire
64,10,0,2026-09-19 19:31:26,fire
64,10,0,2026-09-19 19:31:27,fire
64,10,0,2026-09-19 19:31:27,fire
64,10,0,2026-09-19 19:31:28,fire
64,10,1,2026-09-19 19:31:57,fire
64,10,1,2026-09-19 19:31:57,fire
64,10,1,2026-09-19 19:31:58,fire
64,10,1,2026-09-19 19:31:58,fire
64,10,1,2026-09-19 19:31:59,fire
64,10,1,2026-09-19 19:31:59,fire
64,10,-1,2026-09-19 19:32:51,end
64,11,1,2026-09-19 19:40:57,fire
64,11,1,2026-09-19 19:40:58,fire
64,11,1,2026-09-19 19:40:58,fire
64,11,1,2026-09-19 19:40:59,fire
64,11,1,2026-09-19 19:40:59,fire
64,11,1,2026-09-19 19:41:01,fire
64,11,3,2026-09-19 19:41:57,fire
64,11,3,2026-09-19 19:41:57,fire
64,11,3,2026-09-19 19:41:58,fire
64,11,3,2026-09-19 19:41:58,fire
64,11,3,2026-09-19 19:41:59,fire
64,11,3,2026-09-19 19:42:00,fire
64,11,3,2026-09-19 19:42:01,fire
64,11,2,2026-09-19 19:42:11,fire
64,11,2,2026-09-19 19:42:12,fire
64,11,2,2026-09-19 19:42:12,fire
64,11,2,2026-09-19 19:42:13,fire
64,11,2,2026-09-19 19:42:14,fire
64,11,2,2026-09-19 19:42:15,fire
64,11,2,2026-09-19 19:42:15,fire
64,11,-1,2026-09-19 19:43:51,end
64,12,1,2026-09-19 19:51:17,fire
64,12,1,2026-09-19 19:51:18,fire
64,12,1,2026-09-19 19:51:20,fire
64,12,1,2026-09-19 19:51:20,fire
64,12,1,2026-09-19 19:51:21,fire
64,12,1,2026-09-19 19:51:21,fire
64,12,1,2026-09-19 19:51:22,fire
64,12,3,2026-09-19 19:51:25,fire
64,12,3,2026-09-19 19:51:25,fire
64,12,3,2026-09-19 19:51:26,fire
64,12,3,2026-09-19 19:51:26,fire
64,12,3,2026-09-19 19:51:27,fire
64,12,3,2026-09-19 19:51:27,fire
64,12,3,2026-09-19 19:51:28,fire
64,12,0,2026-09-19 19:51:56,fire
64,12,0,2026-09-19 19:51:57,fire
64,12,0,2026-09-19 19:51:58,fire
64,12,0,2026-09-19 19:51:58,fire
64,12,0,2026-09-19 19:51:58,fire
64,12,0,2026-09-19 19:51:58,fire
64,12,0,2026-09-19 19:51:59,fire
64,12,-1,2026-09-19 19:54:22,end
64,13,3,2026-09-19 20:00:40,fire
64,13,3,2026-09-19 20:00:41,fire
64,13,3,2026-09-19 20:00:41,fire
64,13,3,2026-09-19 20:00:42,fire
64,13,3,2026-09-19 20:00:44,fire
64,13,3,2026-09-19 20:00:45,fire
64,13,3,2026-09-19 20:00:46,fire
64,13,1,2026-09-19 20:01:15,fire
64,13,1,2026-09-19 20:01:16,fire
64,13,1,2026-09-19 20:01:17,fire
64,13,1,2026-09-19 20:01:18,fire
64,13,1,2026-09-19 20:01:19,fire
64,13,1,2026-09-19 20:01:20,fire
64,13,1,2026-09-19 20:01:20,fire
64,13,0,2026-09-19 20:01:49,fire
64,13,0,2026-09-19 20:01:50,fire
64,13,0,2026-09-19 20:01:51,fire
64,13,0,2026-09-19 20:01:51,fire
64,13,0,2026-09-19 20:01:52,fire
64,13,0,2026-09-19 20:01:52,fire
64,13,0,2026-09-19 20:01:53,fire
64,13,-1,2026-09-19 20:03:41,end
64,14,0,2026-09-19 20:10:22,fire
64,14,0,2026-09-19 20:10:22,fire
64,14,0,2026-09-19 20:10:24,fire
64,14,0,2026-09-19 20:10:24,fire
64,14,0,2026-09-19 20:10:26,fire
64,14,0,2026-09-19 20:10:27,fire
64,14,0,2026-09-19 20:10:28,fire
64,14,1,2026-09-19 20:11:12,fire
64,14,1,2026-09-19 20:11:13,fire
64,14,1,2026-09-19 20:11:13,fire
64,14,1,2026-09-19 20:11:14,fire
64,14,1,2026-09-19 20:11:14,fire
64,14,1,2026-09-19 20:11:15,fire
64,14,1,2026-09-19 20:11:15,fire
64,14,3,2026-09-19 20:12:23,fire
64,14,3,2026-09-19 20:12:23,fire
64,14,3,2026-09-19 20:12:24,fire
64,14,3,2026-09-19 20:12:25,fire
64,14,3,2026-09-19 20:12:25,fire
64,14,3,2026-09-19 20:12:26,fire
64,14,-1,2026-09-19 20:14:05,end
64,15,0,2026-09-19 20:19:27,fire
64,15,0,2026-09-19 20:19:28,fire
64,15,0,2026-09-19 20:19:29,fire
64,15,0,2026-09-19 20:19:30,fire
64,15,0,2026-09-19 20:19:31,fire
64,15,0,2026-09-19 20:19:32,fire
64,15,0,2026-09-19 20:19:32,fire
64,15,3,2026-09-19 20:20:10,fire
64,15,3,2026-09-19 20:20:10,fire
64,15,3,2026-09-19 20:20:11,fire
64,15,3,2026-09-19 20:20:11,fire
64,15,3,2026-09-19 20:20:12,fire
64,15,3,2026-09-19 20:20:13,fire
64,15,2,2026-09-19 20:21:24,fire
64,15,2,2026-09-19 20:21:25,fire
64,15,2,2026-09-19 20:21:25,fire
64,15,2,2026-09-19 20:21:26,fire
64,15,2,2026-09-19 20:21:26,fire
64,15,2,2026-09-19 20:21:26,fire
64,15,2,2026-09-19 20:21:27,fire
64,15,-1,2026-09-19 20:22:49,end
64,16,2,2026-09-19 20:28:14,fire
64,16,2,2026-09-19 20:28:15,fire
64,16,2,2026-09-19 20:28:16,fire
64,16,2,2026-09-19 20:28:17,fire
64,16,2,2026-09-19 20:28:18,fire
64,16,2,2026-09-19 20:28:19,fire
64,16,2,2026-09-19 20:28:19,fire
64,16,3,2026-09-19 20:29:04,fire
64,16,3,2026-09-19 20:29:04,fire
64,16,3,2026-09-19 20:29:05,fire
64,16,3,2026-09-19 20:29:05,fire
64,16,3,2026-09-19 20:29:06,fire
64,16,3,2026-09-19 20:29:07,fire
64,16,3,2026-09-19 20:29:07,fire
64,16,1,2026-09-19 20:30:58,fire
64,16,1,2026-09-19 20:30:59,fire
64,16,1,2026-09-19 20:31:00,fire
64,16,1,2026-09-19 20:31:01,fire
64,16,1,2026-09-19 20:31:01,fire
64,16,1,2026-09-19 20:31:02,fire
64,16,1,2026-09-19 20:31:03,fire
64,16,-1,2026-09-19 20:32:40,end
64,17,3,2026-09-19 20:39:13,fire
64,17,3,2026-09-19 20:39:13,fire
64,17,3,2026-09-19 20:39:14,fire
64,17,3,2026-09-19 20:39:15,fire
64,17,3,2026-09-19 20:39:15,fire
64,17,3,2026-09-19 20:39:16,fire
64,17,3,2026-09-19 20:39:17,fire
64,17,1,2026-09-19 20:40:00,fire
64,17,1,2026-09-19 20:40:01,fire
64,17,1,2026-09-19 20:40:02,fire
64,17,1,2026-09-19 20:40:04,fire
64,17,1,2026-09-19 20:40:04,fire
64,17,1,2026-09-19 20:40:05,fire
64,17,1,2026-09-19 20:40:06,fire
64,17,2,2026-09-19 20:41:46,fire
64,17,2,2026-09-19 20:41:46,fire
64,17,2,2026-09-19 20:41:46,fire
64,17,2,2026-09-19 20:41:47,fire
64,17,2,2026-09-19 20:41:47,fire
64,17,2,2026-09-19 20:41:48,fire
64,17,2,2026-09-19 20:41:48,fire
64,17,-1,2026-09-19 20:44:32,end
64,18,0,2026-09-19 20:49:46,fire
64,18,0,2026-09-19 20:49:47,fire
64,18,0,2026-09-19 20:49:48,fire
64,18,0,2026-09-19 20:49:48,fire
64,18,0,2026-09-19 20:49:50,fire
64,18,0,2026-09-19 20:49:50,fire
64,18,0,2026-09-19 20:49:51,fire
64,18,2,2026-09-19 20:51:01,fire
64,18,2,2026-09-19 20:51:02,fire
64,18,2,2026-09-19 20:51:03,fire
64,18,2,2026-09-19 20:51:04,fire
64,18,2,2026-09-19 20:51:05,fire
64,18,2,2026-09-19 20:51:05,fire
64,18,2,2026-09-19 20:51:06,fire
64,18,1,2026-09-19 20:51:15,fire
64,18,1,2026-09-19 20:51:16,fire
64,18,1,2026-09-19 20:51:18,fire
64,18,1,2026-09-19 20:51:18,fire
64,18,1,2026-09-19 20:51:18,fire
64,18,1,2026-09-19 20:51:19,fire
64,18,-1,2026-09-19 20:53:18,end
64,19,2,2026-09-19 20:59:19,fire
64,19,2,2026-09-19 20:59:19,fire
64,19,2,2026-09-19 20:59:20,fire
64,19,2,2026-09-19 20:59:21,fire
64,19,2,2026-09-19 20:59:22,fire
64,19,2,2026-09-19 20:59:23,fire
64,19,2,2026-09-19 20:59:24,fire
64,19,0,2026-09-19 21:00:24,fire
64,19,0,2026-09-19 21:00:26,fire
64,19,0,2026-09-19 21:00:26,fire
64,19,0,2026-09-19 21:00:27,fire
64,19,0,2026-09-19 21:00:28,fire
64,19,0,2026-09-19 21:00:28,fire
64,19,1,2026-09-19 21:00:57,fire
64,19,1,2026-09-19 21:00:57,fire
64,19,1,2026-09-19 21:00:58,fire
64,19,1,2026-09-19 21:00:59,fire
64,19,1,2026-09-19 21:00:59,fire
64,19,1,2026-09-19 21:01:00,fire
64,19,1,2026-09-19 21:01:01,fire
64,19,-1,2026-09-19 21:02:25,end
96,0,2,2026-09-19 21:17:47,fire
96,0,2,2026-09-19 21:17:48,fire
96,0,2,2026-09-19 21:17:49,fire
96,0,2,2026-09-19 21:17:49,fire
96,0,2,2026-09-19 21:17:50,fire
96,0,2,2026-09-19 21:17:51,fire
96,0,2,2026-09-19 21:17:51,fire
96,0,2,2026-09-19 21:17:52,fire
96,0,2,2026-09-19 21:17:53,fire
96,0,3,2026-09-19 21:19:03,fire
96,0,3,2026-09-19 21:19:04,fire
96,0,3,2026-09-19 21:19:05,fire
96,0,3,2026-09-19 21:19:06,fire
96,0,3,2026-09-19 21:19:06,fire
96,0,3,2026-09-19 21:19:07,fire
96,0,3,2026-09-19 21:19:09,fire
96,0,3,2026-09-19 21:19:10,fire
96,0,3,2026-09-19 21:19:11,fire
96,0,3,2026-09-19 21:19:12,fire
96,0,1,2026-09-19 21:20:00,fire
96,0,1,2026-09-19 21:20:00,fire
96,0,1,2026-09-19 21:20:01,fire
96,0,1,2026-09-19 21:20:01,fire
96,0,1,2026-09-19 21:20:02,fire
96,0,1,2026-09-19 21:20:03,fire
96,0,1,2026-09-19 21:20:03,fire
96,0,1,2026-09-19 21:20:05,fire
96,0,1,2026-09-19 21:20:06,fire
96,0,1,2026-09-19 21:20:07,fire
96,0,-1,2026-09-19 21:21:57,end
96,1,3,2026-09-19 21:27:41,fire
96,1,3,2026-09-19 21:27:41,fire
96,1,3,2026-09-19 21:27:42,fire
96,1,3,2026-09-19 21:27:43,fire
96,1,3,2026-09-19 21:27:44,fire
96,1,3,2026-09-19 21:27:45,fire
96,1,3,2026-09-19 21:27:47,fire
96,1,3,2026-09-19 21:27:48,fire
96,1,3,2026-09-19 21:27:49,fire
96,1,3,2026-09-19 21:27:50,fire
96,1,1,2026-09-19 21:28:57,fire
96,1,1,2026-09-19 21:28:58,fire
96,1,1,2026-09-19 21:28:59,fire
96,1,1,2026-09-19 21:28:59,fire
96,1,1,2026-09-19 21:29:00,fire
96,1,1,2026-09-19 21:29:01,fire
96,1,1,2026-09-19 21:29:01,fire
96,1,1,2026-09-19 21:29:02,fire
96,1,1,2026-09-19 21:29:03,fire
96,1,1,2026-09-19 21:29:03,fire
96,1,1,2026-09-19 21:29:04,fire
96,1,2,2026-09-19 21:29:23,fire
96,1,2,2026-09-19 21:29:25,fire
96,1,2,2026-09-19 21:29:25,fire
96,1,2,2026-09-19 21:29:26,fire
96,1,2,2026-09-19 21:29:26,fire
96,1,2,2026-09-19 21:29:26,fire
96,1,2,2026-09-19 21:29:27,fire
96,1,2,2026-09-19 21:29:27,fire
96,1,2,2026-09-19 21:29:27,fire
96,1,-1,2026-09-19 21:32:10,end
96,2,3,2026-09-19 21:37:34,fire
96,2,3,2026-09-19 21:37:34,fire
96,2,3,2026-09-19 21:37:35,fire
96,2,3,2026-09-19 21:37:36,fire
96,2,3,2026-09-19 21:37:37,fire
96,2,3,2026-09-19 21:37:38,fire
96,2,3,2026-09-19 21:37:38,fire
96,2,3,2026-09-19 21:37:39,fire
96,2,3,2026-09-19 21:37:40,fire
96,2,3,2026-09-19 21:37:40,fire
96,2,2,2026-09-19 21:38:19,fire
96,2,2,2026-09-19 21:38:20,fire
96,2,2,2026-09-19 21:38:20,fire
96,2,2,2026-09-19 21:38:21,fire
96,2,2,2026-09-19 21:38:22,fire
96,2,2,2026-09-19 21:38:22,fire
96,2,2,2026-09-19 21:38:24,fire
96,2,2,2026-09-19 21:38:24,fire
96,2,2,2026-09-19 21:38:24,fire
96,2,1,2026-09-19 21:39:18,fire
96,2,1,2026-09-19 21:39:19,fire
96,2,1,2026-09-19 21:39:20,fire
96,2,1,2026-09-19 21:39:21,fire
96,2,1,2026-09-19 21:39:21,fire
96,2,1,2026-09-19 21:39:22,fire
96,2,1,2026-09-19 21:39:24,fire
96,2,1,2026-09-19 21:39:25,fire
96,2,1,2026-09-19 21:39:25,fire
96,2,1,2026-09-19 21:39:25,fire
96,2,1,2026-09-19 21:39:25,fire
96,2,-1,2026-09-19 21:40:49,end
96,3,0,2026-09-19 21:47:01,fire
96,3,0,2026-09-19 21:47:03,fire
96,3,0,2026-09-19 21:47:04,fire
96,3,0,2026-09-19 21:47:04,fire
96,3,0,2026-09-19 21:47:05,fire
96,3,0,2026-09-19 21:47:06,fire
96,3,0,2026-09-19 21:47:07,fire
96,3,0,2026-09-19 21:47:08,fire
96,3,0,2026-09-19 21:47:09,fire
96,3,0,2026-09-19 21:47:10,fire
96,3,0,2026-09-19 21:47:11,fire
96,3,3,2026-09-19 21:47:40,fire
96,3,3,2026-09-19 21:47:40,fire
96,3,3,2026-09-19 21:47:41,fire
96,3,3,2026-09-19 21:47:42,fire
96,3,3,2026-09-19 21:47:43,fire
96,3,3,2026-09-19 21:47:44,fire
96,3,3,2026-09-19 21:47:45,fire
96,3,3,2026-09-19 21:47:45,fire
96,3,3,2026-09-19 21:47:46,fire
96,3,3,2026-09-19 21:47:47,fire
96,3,3,2026-09-19 21:47:47,fire
96,3,2,2026-09-19 21:48:49,fire
96,3,2,2026-09-19 21:48:49,fire
96,3,2,2026-09-19 21:48:50,fire
96,3,2,2026-09-19 21:48:52,fire
96,3,2,2026-09-19 21:48:52,fire
96,3,2,2026-09-19 21:48:52,fire
96,3,2,2026-09-19 21:48:53,fire
96,3,2,2026-09-19 21:48:53,fire
96,3,2,2026-09-19 21:48:53,fire
96,3,2,2026-09-19 21:48:53,fire
96,3,2,2026-09-19 21:48:54,fire
96,3,-1,2026-09-19 21:50:45,end
96,4,0,2026-09-19 21:55:27,fire
96,4,0,2026-09-19 21:55:28,fire
96,4,0,2026-09-19 21:55:29,fire
96,4,0,2026-09-19 21:55:30,fire
96,4,0,2026-09-19 21:55:30,fire
96,4,0,2026-09-19 21:55:31,fire
96,4,0,2026-09-19 21:55:32,fire
96,4,0,2026-09-19 21:55:33,fire
96,4,0,2026-09-19 21:55:35,fire
96,4,0,2026-09-19 21:55:36,fire
96,4,0,2026-09-19 21:55:37,fire
96,4,1,2026-09-19 21:57:14,fire
96,4,1,2026-09-19 21:57:14,fire
96,4,1,2026-09-19 21:57:15,fire
96,4,1,2026-09-19 21:57:15,fire
96,4,1,2026-09-19 21:57:16,fire
96,4,1,2026-09-19 21:57:17,fire
96,4,1,2026-09-19 21:57:19,fire
96,4,1,2026-09-19 21:57:19,fire
96,4,1,2026-09-19 21:57:20,fire
96,4,1,2026-09-19 21:57:21,fire
96,4,2,2026-09-19 21:58:18,fire
96,4,2,2026-09-19 21:58:20,fire
96,4,2,2026-09-19 21:58:20,fire
96,4,2,2026-09-19 21:58:21,fire
96,4,2,2026-09-19 21:58:21,fire
96,4,2,2026-09-19 21:58:22,fire
96,4,2,2026-09-19 21:58:22,fire
96,4,2,2026-09-19 21:58:23,fire
96,4,2,2026-09-19 21:58:24,fire
96,4,2,2026-09-19 21:58:24,fire
96,4,-1,2026-09-19 21:59:56,end
96,5,3,2026-09-19 22:04:22,fire
96,5,3,2026-09-19 22:04:22,fire
96,5,3,2026-09-19 22:04:24,fire
96,5,3,2026-09-19 22:04:24,fire
96,5,3,2026-09-19 22:04:25,fire
96,5,3,2026-09-19 22:04:25,fire
96,5,3,2026-09-19 22:04:26,fire
96,5,3,2026-09-19 22:04:27,fire
96,5,3,2026-09-19 22:04:28,fire
96,5,3,2026-09-19 22:04:29,fire
96,5,3,2026-09-19 22:04:30,fire
96,5,2,2026-09-19 22:06:10,fire
96,5,2,2026-09-19 22:06:11,fire
96,5,2,2026-09-19 22:06:12,fire
96,5,2,2026-09-19 22:06:13,fire
96,5,2,2026-09-19 22:06:14,fire
96,5,2,2026-09-19 22:06:15,fire
96,5,2,2026-09-19 22:06:16,fire
96,5,2,2026-09-19 22:06:17,fire
96,5,2,2026-09-19 22:06:17,fire
96,5,2,2026-09-19 22:06:18,fire
96,5,0,2026-09-19 22:07:13,fire
96,5,0,2026-09-19 22:07:13,fire
96,5,0,2026-09-19 22:07:13,fire
96,5,0,2026-09-19 22:07:14,fire
96,5,0,2026-09-19 22:07:15,fire
96,5,0,2026-09-19 22:07:15,fire
96,5,0,2026-09-19 22:07:16,fire
96,5,0,2026-09-19 22:07:17,fire
96,5,0,2026-09-19 22:07:18,fire
96,5,0,2026-09-19 22:07:18,fire
96,5,-1,2026-09-19 22:09:06,end
96,6,3,2026-09-19 22:14:33,fire
96,6,3,2026-09-19 22:14:34,fire
96,6,3,2026-09-19 22:14:34,fire
96,6,3,2026-09-19 22:14:35,fire
96,6,3,2026-09-19 22:14:36,fire
96,6,3,2026-09-19 22:14:36,fire
96,6,3,2026-09-19 22:14:37,fire
96,6,3,2026-09-19 22:14:38,fire
96,6,3,2026-09-19 22:14:39,fire
96,6,3,2026-09-19 22:14:39,fire
96,6,1,2026-09-19 22:15:00,fire
96,6,1,2026-09-19 22:15:01,fire
96,6,1,2026-09-19 22:15:02,fire
96,6,1,2026-09-19 22:15:02,fire
96,6,1,2026-09-19 22:15:03,fire
96,6,1,2026-09-19 22:15:04,fire
96,6,1,2026-09-19 22:15:04,fire
96,6,1,2026-09-19 22:15:05,fire
96,6,1,2026-09-19 22:15:06,fire
96,6,1,2026-09-19 22:15:07,fire
96,6,2,2026-09-19 22:15:56,fire
96,6,2,2026-09-19 22:15:57,fire
96,6,2,2026-09-19 22:15:58,fire
96,6,2,2026-09-19 22:15:59,fire
96,6,2,2026-09-19 22:15:59,fire
96,6,2,2026-09-19 22:16:00,fire
96,6,2,2026-09-19 22:16:01,fire
96,6,2,2026-09-19 22:16:01,fire
96,6,2,2026-09-19 22:16:02,fire
96,6,2,2026-09-19 22:16:02,fire
96,6,-1,2026-09-19 22:18:55,end
96,7,3,2026-09-19 22:23:40,fire
96,7,3,2026-09-19 22:23:41,fire
96,7,3,2026-09-19 22:23:42,fire
96,7,3,2026-09-19 22:23:43,fire
96,7,3,2026-09-19 22:23:44,fire
96,7,3,2026-09-19 22:23:44,fire
96,7,3,2026-09-19 22:23:45,fire
96,7,3,2026-09-19 22:23:46,fire
96,7,3,2026-09-19 22:23:46,fire
96,7,3,2026-09-19 22:23:47,fire
96,7,3,2026-09-19 22:23:48,fire
96,7,1,2026-09-19 22:24:16,fire
96,7,1,2026-09-19 22:24:17,fire
96,7,1,2026-09-19 22:24:18,fire
96,7,1,2026-09-19 22:24:19,fire
96,7,1,2026-09-19 22:24:20,fire
96,7,1,2026-09-19 22:24:20,fire
96,7,1,2026-09-19 22:24:21,fire
96,7,1,2026-09-19 22:24:22,fire
96,7,1,2026-09-19 22:24:24,fire
96,7,1,2026-09-19 22:24:24,fire
96,7,1,2026-09-19 22:24:24,fire
96,7,2,2026-09-19 22:25:42,fire
96,7,2,2026-09-19 22:25:43,fire
96,7,2,2026-09-19 22:25:44,fire
96,7,2,2026-09-19 22:25:45,fire
96,7,2,2026-09-19 22:25:45,fire
96,7,2,2026-09-19 22:25:46,fire
96,7,2,2026-09-19 22:25:46,fire
96,7,2,2026-09-19 22:25:47,fire
96,7,2,2026-09-19 22:25:47,fire
96,7,2,2026-09-19 22:25:48,fire
96,7,2,2026-09-19 22:25:48,fire
96,7,-1,2026-09-19 22:29:08,end
96,8,2,2026-09-19 22:33:33,fire
96,8,2,2026-09-19 22:33:33,fire
96,8,2,2026-09-19 22:33:34,fire
96,8,2,2026-09-19 22:33:35,fire
96,8,2,2026-09-19 22:33:36,fire
96,8,2,2026-09-19 22:33:37,fire
96,8,2,2026-09-19 22:33:38,fire
96,8,2,2026-09-19 22:33:38,fire
96,8,2,2026-09-19 22:33:39,fire
96,8,2,2026-09-19 22:33:40,fire
96,8,1,2026-09-19 22:34:32,fire
96,8,1,2026-09-19 22:34:33,fire
96,8,1,2026-09-19 22:34:33,fire
96,8,1,2026-09-19 22:34:35,fire
96,8,1,2026-09-19 22:34:36,fire
96,8,1,2026-09-19 22:34:36,fire
96,8,1,2026-09-19 22:34:36,fire
96,8,1,2026-09-19 22:34:38,fire
96,8,1,2026-09-19 22:34:38,fire
96,8,1,2026-09-19 22:34:39,fire
96,8,1,2026-09-19 22:34:40,fire
96,8,3,2026-09-19 22:35:14,fire
96,8,3,2026-09-19 22:35:15,fire
96,8,3,2026-09-19 22:35:16,fire
96,8,3,2026-09-19 22:35:17,fire
96,8,3,2026-09-19 22:35:17,fire
96,8,3,2026-09-19 22:35:18,fire
96,8,3,2026-09-19 22:35:18,fire
96,8,3,2026-09-19 22:35:19,fire
96,8,3,2026-09-19 22:35:20,fire
96,8,3,2026-09-19 22:35:20,fire
96,8,3,2026-09-19 22:35:21,fire
96,8,-1,2026-09-19 22:36:59,end
96,9,0,2026-09-19 22:42:40,fire
96,9,0,2026-09-19 22:42:41,fire
96,9,0,2026-09-19 22:42:42,fire
96,9,0,2026-09-19 22:42:43,fire
96,9,0,2026-09-19 22:42:43,fire
96,9,0,2026-09-19 22:42:44,fire
96,9,0,2026-09-19 22:42:45,fire
96,9,0,2026-09-19 22:42:47,fire
96,9,0,2026-09-19 22:42:47,fire
96,9,0,2026-09-19 22:42:48,fire
96,9,3,2026-09-19 22:43:27,fire
96,9,3,2026-09-19 22:43:28,fire
96,9,3,2026-09-19 22:43:29,fire
96,9,3,2026-09-19 22:43:30,fire
96,9,3,2026-09-19 22:43:30,fire
96,9,3,2026-09-19 22:43:31,fire
96,9,3,2026-09-19 22:43:31,fire
96,9,3,2026-09-19 22:43:32,fire
96,9,3,2026-09-19 22:43:32,fire
96,9,3,2026-09-19 22:43:33,fire
96,9,3,2026-09-19 22:43:33,fire
96,9,1,2026-09-19 22:44:28,fire
96,9,1,2026-09-19 22:44:29,fire
96,9,1,2026-09-19 22:44:30,fire
96,9,1,2026-09-19 22:44:31,fire
96,9,1,2026-09-19 22:44:31,fire
96,9,1,2026-09-19 22:44:32,fire
96,9,1,2026-09-19 22:44:32,fire
96,9,1,2026-09-19 22:44:33,fire
96,9,1,2026-09-19 22:44:33,fire
96,9,1,2026-09-19 22:44:34,fire
96,9,1,2026-09-19 22:44:34,fire
96,9,-1,2026-09-19 22:46:19,end
96,10,3,2026-09-19 22:53:37,fire
96,10,3,2026-09-19 22:53:38,fire
96,10,3,2026-09-19 22:53:39,fire
96,10,3,2026-09-19 22:53:40,fire
96,10,3,2026-09-19 22:53:41,fire
96,10,3,2026-09-19 22:53:42,fire
96,10,3,2026-09-19 22:53:42,fire
96,10,3,2026-09-19 22:53:43,fire
96,10,3,2026-09-19 22:53:44,fire
96,10,3,2026-09-19 22:53:45,fire
96,10,3,2026-09-19 22:53:46,fire
96,10,0,2026-09-19 22:54:23,fire
96,10,0,2026-09-19 22:54:24,fire
96,10,0,2026-09-19 22:54:24,fire
96,10,0,2026-09-19 22:54:24,fire
96,10,0,2026-09-19 22:54:25,fire
96,10,0,2026-09-19 22:54:25,fire
96,10,0,2026-09-19 22:54:26,fire
96,10,0,2026-09-19 22:54:27,fire
96,10,0,2026-09-19 22:54:27,fire
96,10,2,2026-09-19 22:54:43,fire
96,10,2,2026-09-19 22:54:44,fire
96,10,2,2026-09-19 22:54:44,fire
96,10,2,2026-09-19 22:54:44,fire
96,10,2,2026-09-19 22:54:44,fire
96,10,2,2026-09-19 22:54:45,fire
96,10,2,2026-09-19 22:54:45,fire
96,10,2,2026-09-19 22:54:46,fire
96,10,2,2026-09-19 22:54:47,fire
96,10,2,2026-09-19 22:54:48,fire
96,10,2,2026-09-19 22:54:48,fire
96,10,-1,2026-09-19 22:56:01,end
96,11,1,2026-09-19 23:03:20,fire
96,11,1,2026-09-19 23:03:20,fire
96,11,1,2026-09-19 23:03:21,fire
96,11,1,2026-09-19 23:03:22,fire
96,11,1,2026-09-19 23:03:22,fire
96,11,1,2026-09-19 23:03:23,fire
96,11,1,2026-09-19 23:03:24,fire
96,11,1,2026-09-19 23:03:24,fire
96,11,1,2026-09-19 23:03:25,fire
96,11,1,2026-09-19 23:03:27,fire
96,11,1,2026-09-19 23:03:27,fire
96,11,3,2026-09-19 23:04:14,fire
96,11,3,2026-09-19 23:04:15,fire
96,11,3,2026-09-19 23:04:17,fire
96,11,3,2026-09-19 23:04:17,fire
96,11,3,2026-09-19 23:04:18,fire
96,11,3,2026-09-19 23:04:18,fire
96,11,3,2026-09-19 23:04:19,fire
96,11,3,2026-09-19 23:04:19,fire
96,11,3,2026-09-19 23:04:20,fire
96,11,3,2026-09-19 23:04:21,fire
96,11,3,2026-09-19 23:04:22,fire
96,11,2,2026-09-19 23:04:57,fire
96,11,2,2026-09-19 23:04:58,fire
96,11,2,2026-09-19 23:04:58,fire
96,11,2,2026-09-19 23:04:59,fire
96,11,2,2026-09-19 23:05:00,fire
96,11,2,2026-09-19 23:05:01,fire
96,11,2,2026-09-19 23:05:02,fire
96,11,2,2026-09-19 23:05:02,fire
96,11,2,2026-09-19 23:05:02,fire
96,11,-1,2026-09-19 23:06:46,end
96,12,3,2026-09-19 23:13:31,fire
96,12,3,2026-09-19 23:13:32,fire
96,12,3,2026-09-19 23:13:33,fire
96,12,3,2026-09-19 23:13:34,fire
96,12,3,2026-09-19 23:13:35,fire
96,12,3,2026-09-19 23:13:36,fire
96,12,3,2026-09-19 23:13:36,fire
96,12,3,2026-09-19 23:13:37,fire
96,12,3,2026-09-19 23:13:38,fire
96,12,3,2026-09-19 23:13:39,fire
96,12,3,2026-09-19 23:13:39,fire
96,12,0,2026-09-19 23:13:52,fire
96,12,0,2026-09-19 23:13:54,fire
96,12,0,2026-09-19 23:13:54,fire
96,12,0,2026-09-19 23:13:55,fire
96,12,0,2026-09-19 23:13:55,fire
96,12,0,2026-09-19 23:13:56,fire
96,12,0,2026-09-19 23:13:56,fire
96,12,0,2026-09-19 23:13:57,fire
96,12,0,2026-09-19 23:13:57,fire
96,12,0,2026-09-19 23:13:58,fire
96,12,0,2026-09-19 23:13:59,fire
96,12,2,2026-09-19 23:14:44,fire
96,12,2,2026-09-19 23:14:45,fire
96,12,2,2026-09-19 23:14:46,fire
96,12,2,2026-09-19 23:14:47,fire
96,12,2,2026-09-19 23:14:48,fire
96,12,2,2026-09-19 23:14:49,fire
96,12,2,2026-09-19 23:14:50,fire
96,12,2,2026-09-19 23:14:51,fire
96,12,2,2026-09-19 23:14:52,fire
96,12,2,2026-09-19 23:14:52,fire
96,12,-1,2026-09-19 23:16:52,end
96,13,3,2026-09-19 23:22:19,fire
96,13,3,2026-09-19 23:22:20,fire
96,13,3,2026-09-19 23:22:20,fire
96,13,3,2026-09-19 23:22:21,fire
96,13,3,2026-09-19 23:22:21,fire
96,13,3,2026-09-19 23:22:23,fire
96,13,3,2026-09-19 23:22:23,fire
96,13,3,2026-09-19 23:22:24,fire
96,13,3,2026-09-19 23:22:25,fire
96,13,3,2026-09-19 23:22:25,fire
96,13,3,2026-09-19 23:22:26,fire
96,13,2,2026-09-19 23:23:18,fire
96,13,2,2026-09-19 23:23:19,fire
96,13,2,2026-09-19 23:23:20,fire
96,13,2,2026-09-19 23:23:21,fire
96,13,2,2026-09-19 23:23:22,fire
96,13,2,2026-09-19 23:23:22,fire
96,13,2,2026-09-19 23:23:23,fire
96,13,2,2026-09-19 23:23:24,fire
96,13,2,2026-09-19 23:23:25,fire
96,13,2,2026-09-19 23:23:26,fire
96,13,2,2026-09-19 23:23:26,fire
96,13,1,2026-09-19 23:24:41,fire
96,13,1,2026-09-19 23:24:42,fire
96,13,1,2026-09-19 23:24:42,fire
96,13,1,2026-09-19 23:24:43,fire
96,13,1,2026-09-19 23:24:44,fire
96,13,1,2026-09-19 23:24:45,fire
96,13,1,2026-09-19 23:24:45,fire
96,13,1,2026-09-19 23:24:45,fire
96,13,1,2026-09-19 23:24:46,fire
96,13,1,2026-09-19 23:24:46,fire
96,13,1,2026-09-19 23:24:47,fire
96,13,-1,2026-09-19 23:26:55,end
96,14,0,2026-09-19 23:32:19,fire
96,14,0,2026-09-19 23:32:20,fire
96,14,0,2026-09-19 23:32:20,fire
96,14,0,2026-09-19 23:32:22,fire
96,14,0,2026-09-19 23:32:23,fire
96,14,0,2026-09-19 23:32:24,fire
96,14,0,2026-09-19 23:32:25,fire
96,14,0,2026-09-19 23:32:26,fire
96,14,0,2026-09-19 23:32:27,fire
96,14,0,2026-09-19 23:32:27,fire
96,14,0,2026-09-19 23:32:28,fire
96,14,3,2026-09-19 23:33:18,fire
96,14,3,2026-09-19 23:33:19,fire
96,14,3,2026-09-19 23:33:21,fire
96,14,3,2026-09-19 23:33:22,fire
96,14,3,2026-09-19 23:33:23,fire
96,14,3,2026-09-19 23:33:24,fire
96,14,3,2026-09-19 23:33:25,fire
96,14,3,2026-09-19 23:33:26,fire
96,14,3,2026-09-19 23:33:26,fire
96,14,3,2026-09-19 23:33:27,fire
96,14,1,2026-09-19 23:35:08,fire
96,14,1,2026-09-19 23:35:09,fire
96,14,1,2026-09-19 23:35:10,fire
96,14,1,2026-09-19 23:35:10,fire
96,14,1,2026-09-19 23:35:11,fire
96,14,1,2026-09-19 23:35:11,fire
96,14,1,2026-09-19 23:35:11,fire
96,14,1,2026-09-19 23:35:12,fire
96,14,1,2026-09-19 23:35:13,fire
96,14,1,2026-09-19 23:35:13,fire
96,14,1,2026-09-19 23:35:13,fire
96,14,-1,2026-09-19 23:37:13,end
96,15,0,2026-09-19 23:41:33,fire
96,15,0,2026-09-19 23:41:33,fire
96,15,0,2026-09-19 23:41:34,fire
96,15,0,2026-09-19 23:41:35,fire
96,15,0,2026-09-19 23:41:36,fire
96,15,0,2026-09-19 23:41:37,fire
96,15,0,2026-09-19 23:41:37,fire
96,15,0,2026-09-19 23:41:38,fire
96,15,0,2026-09-19 23:41:38,fire
96,15,0,2026-09-19 23:41:39,fire
96,15,3,2026-09-19 23:42:45,fire
96,15,3,2026-09-19 23:42:45,fire
96,15,3,2026-09-19 23:42:46,fire
96,15,3,2026-09-19 23:42:47,fire
96,15,3,2026-09-19 23:42:47,fire
96,15,3,2026-09-19 23:42:48,fire
96,15,3,2026-09-19 23:42:49,fire
96,15,3,2026-09-19 23:42:49,fire
96,15,3,2026-09-19 23:42:50,fire
96,15,3,2026-09-19 23:42:50,fire
96,15,2,2026-09-19 23:43:41,fire
96,15,2,2026-09-19 23:43:42,fire
96,15,2,2026-09-19 23:43:43,fire
96,15,2,2026-09-19 23:43:43,fire
96,15,2,2026-09-19 23:43:44,fire
96,15,2,2026-09-19 23:43:44,fire
96,15,2,2026-09-19 23:43:44,fire
96,15,2,2026-09-19 23:43:44,fire
96,15,2,2026-09-19 23:43:45,fire
96,15,2,2026-09-19 23:43:46,fire
96,15,-1,2026-09-19 23:46:04,end
96,16,2,2026-09-19 23:50:40,fire
96,16,2,2026-09-19 23:50:40,fire
96,16,2,2026-09-19 23:50:41,fire
96,16,2,2026-09-19 23:50:42,fire
96,16,2,2026-09-19 23:50:42,fire
96,16,2,2026-09-19 23:50:43,fire
96,16,2,2026-09-19 23:50:44,fire
96,16,2,2026-09-19 23:50:45,fire
96,16,2,2026-09-19 23:50:46,fire
96,16,2,2026-09-19 23:50:46,fire
96,16,3,2026-09-19 23:51:41,fire
96,16,3,2026-09-19 23:51:41,fire
96,16,3,2026-09-19 23:51:42,fire
96,16,3,2026-09-19 23:51:43,fire
96,16,3,2026-09-19 23:51:43,fire
96,16,3,2026-09-19 23:51:44,fire
96,16,3,2026-09-19 23:51:44,fire
96,16,3,2026-09-19 23:51:45,fire
96,16,3,2026-09-19 23:51:46,fire
96,16,3,2026-09-19 23:51:47,fire
96,16,3,2026-09-19 23:51:47,fire
96,16,0,2026-09-19 23:52:47,fire
96,16,0,2026-09-19 23:52:48,fire
96,16,0,2026-09-19 23:52:49,fire
96,16,0,2026-09-19 23:52:50,fire
96,16,0,2026-09-19 23:52:50,fire
96,16,0,2026-09-19 23:52:51,fire
96,16,0,2026-09-19 23:52:52,fire
96,16,0,2026-09-19 23:52:53,fire
96,16,0,2026-09-19 23:52:53,fire
96,16,0,2026-09-19 23:52:54,fire
96,16,-1,2026-09-19 23:56:13,end
96,17,3,2026-09-19 23:59:46,fire
96,17,3,2026-09-19 23:59:47,fire
96,17,3,2026-09-19 23:59:48,fire
96,17,3,2026-09-19 23:59:48,fire
96,17,3,2026-09-19 23:59:49,fire
96,17,3,2026-09-19 23:59:50,fire
96,17,3,2026-09-19 23:59:51,fire
96,17,3,2026-09-19 23:59:51,fire
96,17,3,2026-09-19 23:59:52,fire
96,17,3,2026-09-19 23:59:53,fire
96,17,3,2026-09-19 23:59:55,fire
96,17,2,2026-09-20 00:02:45,fire
96,17,2,2026-09-20 00:02:46,fire
96,17,2,2026-09-20 00:02:47,fire
96,17,2,2026-09-20 00:02:47,fire
96,17,2,2026-09-20 00:02:48,fire
96,17,2,2026-09-20 00:02:49,fire
96,17,2,2026-09-20 00:02:49,fire
96,17,2,2026-09-20 00:02:50,fire
96,17,2,2026-09-20 00:02:51,fire
96,17,2,2026-09-20 00:02:52,fire
96,17,2,2026-09-20 00:02:53,fire
96,17,0,2026-09-20 00:04:00,fire
96,17,0,2026-09-20 00:04:01,fire
96,17,0,2026-09-20 00:04:03,fire
96,17,0,2026-09-20 00:04:04,fire
96,17,0,2026-09-20 00:04:05,fire
96,17,0,2026-09-20 00:04:05,fire
96,17,0,2026-09-20 00:04:06,fire
96,17,0,2026-09-20 00:04:07,fire
96,17,0,2026-09-20 00:04:08,fire
96,17,0,2026-09-20 00:04:09,fire
96,17,0,2026-09-20 00:04:09,fire
96,17,-1,2026-09-20 00:07:30,end
96,18,0,2026-09-20 00:11:32,fire
96,18,0,2026-09-20 00:11:33,fire
96,18,0,2026-09-20 00:11:33,fire
96,18,0,2026-09-20 00:11:34,fire
96,18,0,2026-09-20 00:11:35,fire
96,18,0,2026-09-20 00:11:36,fire
96,18,0,2026-09-20 00:11:36,fire
96,18,0,2026-09-20 00:11:37,fire
96,18,0,2026-09-20 00:11:38,fire
96,18,1,2026-09-20 00:12:51,fire
96,18,1,2026-09-20 00:12:52,fire
96,18,1,2026-09-20 00:12:53,fire
96,18,1,2026-09-20 00:12:54,fire
96,18,1,2026-09-20 00:12:54,fire
96,18,1,2026-09-20 00:12:55,fire
96,18,1,2026-09-20 00:12:56,fire
96,18,1,2026-09-20 00:12:57,fire
96,18,1,2026-09-20 00:12:57,fire
96,18,1,2026-09-20 00:12:58,fire
96,18,1,2026-09-20 00:12:58,fire
96,18,2,2026-09-20 00:13:27,fire
96,18,2,2026-09-20 00:13:28,fire
96,18,2,2026-09-20 00:13:28,fire
96,18,2,2026-09-20 00:13:28,fire
96,18,2,2026-09-20 00:13:28,fire
96,18,2,2026-09-20 00:13:29,fire
96,18,2,2026-09-20 00:13:30,fire
96,18,2,2026-09-20 00:13:30,fire
96,18,2,2026-09-20 00:13:31,fire
96,18,2,2026-09-20 00:13:32,fire
96,18,-1,2026-09-20 00:15:48,end
96,19,2,2026-09-20 00:21:06,fire
96,19,2,2026-09-20 00:21:06,fire
96,19,2,2026-09-20 00:21:07,fire
96,19,2,2026-09-20 00:21:08,fire
96,19,2,2026-09-20 00:21:08,fire
96,19,2,2026-09-20 00:21:09,fire
96,19,2,2026-09-20 00:21:11,fire
96,19,2,2026-09-20 00:21:12,fire
96,19,2,2026-09-20 00:21:13,fire
96,19,3,2026-09-20 00:22:23,fire
96,19,3,2026-09-20 00:22:24,fire
96,19,3,2026-09-20 00:22:25,fire
96,19,3,2026-09-20 00:22:26,fire
96,19,3,2026-09-20 00:22:27,fire
96,19,3,2026-09-20 00:22:27,fire
96,19,3,2026-09-20 00:22:28,fire
96,19,3,2026-09-20 00:22:28,fire
96,19,3,2026-09-20 00:22:28,fire
96,19,3,2026-09-20 00:22:29,fire
96,19,0,2026-09-20 00:23:06,fire
96,19,0,2026-09-20 00:23:07,fire
96,19,0,2026-09-20 00:23:08,fire
96,19,0,2026-09-20 00:23:09,fire
96,19,0,2026-09-20 00:23:10,fire
96,19,0,2026-09-20 00:23:10,fire
96,19,0,2026-09-20 00:23:10,fire
96,19,0,2026-09-20 00:23:10,fire
96,19,0,2026-09-20 00:23:11,fire
96,19,0,2026-09-20 00:23:12,fire
96,19,0,2026-09-20 00:23:12,fire
96,19,-1,2026-09-20 00:25:38,end
128,0,2,2026-09-20 00:39:13,fire
128,0,2,2026-09-20 00:39:14,fire
128,0,2,2026-09-20 00:39:15,fire
128,0,2,2026-09-20 00:39:15,fire
128,0,2,2026-09-20 00:39:16,fire
128,0,2,2026-09-20 00:39:17,fire
128,0,2,2026-09-20 00:39:17,fire
128,0,2,2026-09-20 00:39:18,fire
128,0,2,2026-09-20 00:39:19,fire
128,0,2,2026-09-20 00:39:20,fire
128,0,2,2026-09-20 00:39:20,fire
128,0,2,2026-09-20 00:39:22,fire
128,0,2,2026-09-20 00:39:23,fire
128,0,2,2026-09-20 00:39:23,fire
128,0,3,2026-09-20 00:41:30,fire
128,0,3,2026-09-20 00:41:31,fire
128,0,3,2026-09-20 00:41:31,fire
128,0,3,2026-09-20 00:41:33,fire
128,0,3,2026-09-20 00:41:33,fire
128,0,3,2026-09-20 00:41:34,fire
128,0,3,2026-09-20 00:41:36,fire
128,0,3,2026-09-20 00:41:37,fire
128,0,3,2026-09-20 00:41:38,fire
128,0,3,2026-09-20 00:41:38,fire
128,0,3,2026-09-20 00:41:38,fire
128,0,3,2026-09-20 00:41:39,fire
128,0,3,2026-09-20 00:41:40,fire
128,0,3,2026-09-20 00:41:41,fire
128,0,1,2026-09-20 00:42:21,fire
128,0,1,2026-09-20 00:42:22,fire
128,0,1,2026-09-20 00:42:23,fire
128,0,1,2026-09-20 00:42:24,fire
128,0,1,2026-09-20 00:42:25,fire
128,0,1,2026-09-20 00:42:25,fire
128,0,1,2026-09-20 00:42:26,fire
128,0,1,2026-09-20 00:42:26,fire
128,0,1,2026-09-20 00:42:28,fire
128,0,1,2026-09-20 00:42:29,fire
128,0,1,2026-09-20 00:42:30,fire
128,0,1,2026-09-20 00:42:30,fire
128,0,1,2026-09-20 00:42:31,fire
128,0,1,2026-09-20 00:42:32,fire
128,0,-1,2026-09-20 00:45:57,end
128,1,3,2026-09-20 00:49:29,fire
128,1,3,2026-09-20 00:49:30,fire
128,1,3,2026-09-20 00:49:31,fire
128,1,3,2026-09-20 00:49:32,fire
128,1,3,2026-09-20 00:49:33,fire
128,1,3,2026-09-20 00:49:33,fire
128,1,3,2026-09-20 00:49:35,fire
128,1,3,2026-09-20 00:49:36,fire
128,1,3,2026-09-20 00:49:36,fire
128,1,3,2026-09-20 00:49:37,fire
128,1,3,2026-09-20 00:49:38,fire
128,1,3,2026-09-20 00:49:38,fire
128,1,3,2026-09-20 00:49:39,fire
128,1,3,2026-09-20 00:49:40,fire
128,1,3,2026-09-20 00:49:40,fire
128,1,1,2026-09-20 00:51:07,fire
128,1,1,2026-09-20 00:51:08,fire
128,1,1,2026-09-20 00:51:09,fire
128,1,1,2026-09-20 00:51:10,fire
128,1,1,2026-09-20 00:51:11,fire
128,1,1,2026-09-20 00:51:11,fire
128,1,1,2026-09-20 00:51:12,fire
128,1,1,2026-09-20 00:51:12,fire
128,1,1,2026-09-20 00:51:13,fire
128,1,1,2026-09-20 00:51:14,fire
128,1,1,2026-09-20 00:51:15,fire
128,1,1,2026-09-20 00:51:16,fire
128,1,1,2026-09-20 00:51:17,fire
128,1,1,2026-09-20 00:51:17,fire
128,1,1,2026-09-20 00:51:18,fire
128,1,2,2026-09-20 00:52:37,fire
128,1,2,2026-09-20 00:52:38,fire
128,1,2,2026-09-20 00:52:38,fire
128,1,2,2026-09-20 00:52:39,fire
128,1,2,2026-09-20 00:52:40,fire
128,1,2,2026-09-20 00:52:40,fire
128,1,2,2026-09-20 00:52:41,fire
128,1,2,2026-09-20 00:52:41,fire
128,1,2,2026-09-20 00:52:41,fire
128,1,2,2026-09-20 00:52:42,fire
128,1,2,2026-09-20 00:52:43,fire
128,1,2,2026-09-20 00:52:43,fire
128,1,2,2026-09-20 00:52:43,fire
128,1,2,2026-09-20 00:52:44,fire
128,1,-1,2026-09-20 00:55:21,end
128,2,1,2026-09-20 00:59:35,fire
128,2,1,2026-09-20 00:59:40,fire
128,2,1,2026-09-20 00:59:41,fire
128,2,1,2026-09-20 00:59:42,fire
128,2,1,2026-09-20 00:59:43,fire
128,2,1,2026-09-20 00:59:43,fire
128,2,1,2026-09-20 00:59:45,fire
128,2,1,2026-09-20 00:59:46,fire
128,2,1,2026-09-20 00:59:46,fire
128,2,1,2026-09-20 00:59:47,fire
128,2,1,2026-09-20 00:59:48,fire
128,2,1,2026-09-20 00:59:49,fire
128,2,1,2026-09-20 00:59:50,fire
128,2,1,2026-09-20 00:59:51,fire
128,2,1,2026-09-20 00:59:52,fire
128,2,3,2026-09-20 01:00:32,fire
128,2,3,2026-09-20 01:00:33,fire
128,2,3,2026-09-20 01:00:34,fire
128,2,3,2026-09-20 01:00:35,fire
128,2,3,2026-09-20 01:00:35,fire
128,2,3,2026-09-20 01:00:36,fire
128,2,3,2026-09-20 01:00:37,fire
128,2,3,2026-09-20 01:00:37,fire
128,2,3,2026-09-20 01:00:37,fire
128,2,3,2026-09-20 01:00:38,fire
128,2,3,2026-09-20 01:00:39,fire
128,2,3,2026-09-20 01:00:39,fire
128,2,3,2026-09-20 01:00:40,fire
128,2,3,2026-09-20 01:00:40,fire
128,2,3,2026-09-20 01:00:41,fire
128,2,2,2026-09-20 01:01:30,fire
128,2,2,2026-09-20 01:01:30,fire
128,2,2,2026-09-20 01:01:31,fire
128,2,2,2026-09-20 01:01:32,fire
128,2,2,2026-09-20 01:01:33,fire
128,2,2,2026-09-20 01:01:34,fire
128,2,2,2026-09-20 01:01:34,fire
128,2,2,2026-09-20 01:01:34,fire
128,2,2,2026-09-20 01:01:35,fire
128,2,2,2026-09-20 01:01:35,fire
128,2,2,2026-09-20 01:01:36,fire
128,2,2,2026-09-20 01:01:36,fire
128,2,2,2026-09-20 01:01:36,fire
128,2,-1,2026-09-20 01:05:21,end
128,3,0,2026-09-20 01:09:26,fire
128,3,0,2026-09-20 01:09:26,fire
128,3,0,2026-09-20 01:09:27,fire
128,3,0,2026-09-20 01:09:28,fire
128,3,0,2026-09-20 01:09:29,fire
128,3,0,2026-09-20 01:09:29,fire
128,3,0,2026-09-20 01:09:30,fire
128,3,0,2026-09-20 01:09:31,fire
128,3,0,2026-09-20 01:09:32,fire
128,3,0,2026-09-20 01:09:33,fire
128,3,0,2026-09-20 01:09:34,fire
128,3,0,2026-09-20 01:09:35,fire
128,3,0,2026-09-20 01:09:36,fire
128,3,0,2026-09-20 01:09:36,fire
128,3,0,2026-09-20 01:09:37,fire
128,3,3,2026-09-20 01:10:20,fire
128,3,3,2026-09-20 01:10:20,fire
128,3,3,2026-09-20 01:10:21,fire
128,3,3,2026-09-20 01:10:22,fire
128,3,3,2026-09-20 01:10:23,fire
128,3,3,2026-09-20 01:10:24,fire
128,3,3,2026-09-20 01:10:24,fire
128,3,3,2026-09-20 01:10:25,fire
128,3,3,2026-09-20 01:10:26,fire
128,3,3,2026-09-20 01:10:27,fire
128,3,3,2026-09-20 01:10:27,fire
128,3,3,2026-09-20 01:10:27,fire
128,3,3,2026-09-20 01:10:28,fire
128,3,3,2026-09-20 01:10:29,fire
128,3,3,2026-09-20 01:10:30,fire
128,3,2,2026-09-20 01:10:56,fire
128,3,2,2026-09-20 01:10:57,fire
128,3,2,2026-09-20 01:10:57,fire
128,3,2,2026-09-20 01:10:58,fire
128,3,2,2026-09-20 01:11:00,fire
128,3,2,2026-09-20 01:11:00,fire
128,3,2,2026-09-20 01:11:01,fire
128,3,2,2026-09-20 01:11:01,fire
128,3,2,2026-09-20 01:11:02,fire
128,3,2,2026-09-20 01:11:02,fire
128,3,2,2026-09-20 01:11:03,fire
128,3,2,2026-09-20 01:11:03,fire
128,3,2,2026-09-20 01:11:03,fire
128,3,2,2026-09-20 01:11:04,fire
128,3,-1,2026-09-20 01:14:39,end
128,4,2,2026-09-20 01:17:23,fire
128,4,2,2026-09-20 01:17:24,fire
128,4,2,2026-09-20 01:17:25,fire
128,4,2,2026-09-20 01:17:25,fire
128,4,2,2026-09-20 01:17:26,fire
128,4,2,2026-09-20 01:17:27,fire
128,4,2,2026-09-20 01:17:28,fire
128,4,2,2026-09-20 01:17:29,fire
128,4,2,2026-09-20 01:17:29,fire
128,4,2,2026-09-20 01:17:30,fire
128,4,2,2026-09-20 01:17:31,fire
128,4,2,2026-09-20 01:17:31,fire
128,4,2,2026-09-20 01:17:32,fire
128,4,2,2026-09-20 01:17:33,fire
128,4,1,2026-09-20 01:19:50,fire
128,4,1,2026-09-20 01:19:51,fire
128,4,1,2026-09-20 01:19:51,fire
128,4,1,2026-09-20 01:19:52,fire
128,4,1,2026-09-20 01:19:52,fire
128,4,1,2026-09-20 01:19:53,fire
128,4,1,2026-09-20 01:19:54,fire
128,4,1,2026-09-20 01:19:54,fire
128,4,1,2026-09-20 01:19:55,fire
128,4,1,2026-09-20 01:19:56,fire
128,4,1,2026-09-20 01:19:56,fire
128,4,1,2026-09-20 01:19:58,fire
128,4,1,2026-09-20 01:19:59,fire
128,4,1,2026-09-20 01:19:59,fire
128,4,1,2026-09-20 01:20:00,fire
128,4,0,2026-09-20 01:21:04,fire
128,4,0,2026-09-20 01:21:04,fire
128,4,0,2026-09-20 01:21:05,fire
128,4,0,2026-09-20 01:21:05,fire
128,4,0,2026-09-20 01:21:06,fire
128,4,0,2026-09-20 01:21:08,fire
128,4,0,2026-09-20 01:21:08,fire
128,4,0,2026-09-20 01:21:09,fire
128,4,0,2026-09-20 01:21:11,fire
128,4,0,2026-09-20 01:21:12,fire
128,4,0,2026-09-20 01:21:12,fire
128,4,0,2026-09-20 01:21:13,fire
128,4,0,2026-09-20 01:21:14,fire
128,4,0,2026-09-20 01:21:14,fire
128,4,0,2026-09-20 01:21:14,fire
128,4,-1,2026-09-20 01:23:52,end
128,5,3,2026-09-20 01:26:52,fire
128,5,3,2026-09-20 01:26:53,fire
128,5,3,2026-09-20 01:26:53,fire
128,5,3,2026-09-20 01:26:54,fire
128,5,3,2026-09-20 01:26:55,fire
128,5,3,2026-09-20 01:26:56,fire
128,5,3,2026-09-20 01:26:56,fire
128,5,3,2026-09-20 01:26:57,fire
128,5,3,2026-09-20 01:26:57,fire
128,5,3,2026-09-20 01:26:58,fire
128,5,3,2026-09-20 01:26:59,fire
128,5,3,2026-09-20 01:27:00,fire
128,5,3,2026-09-20 01:27:01,fire
128,5,3,2026-09-20 01:27:01,fire
128,5,3,2026-09-20 01:27:02,fire
128,5,2,2026-09-20 01:28:31,fire
128,5,2,2026-09-20 01:28:32,fire
128,5,2,2026-09-20 01:28:32,fire
128,5,2,2026-09-20 01:28:33,fire
128,5,2,2026-09-20 01:28:34,fire
128,5,2,2026-09-20 01:28:34,fire
128,5,2,2026-09-20 01:28:35,fire
128,5,2,2026-09-20 01:28:36,fire
128,5,2,2026-09-20 01:28:37,fire
128,5,2,2026-09-20 01:28:38,fire
128,5,2,2026-09-20 01:28:38,fire
128,5,2,2026-09-20 01:28:39,fire
128,5,2,2026-09-20 01:28:39,fire
128,5,2,2026-09-20 01:28:40,fire
128,5,2,2026-09-20 01:28:41,fire
128,5,1,2026-09-20 01:29:40,fire
128,5,1,2026-09-20 01:29:40,fire
128,5,1,2026-09-20 01:29:42,fire
128,5,1,2026-09-20 01:29:42,fire
128,5,1,2026-09-20 01:29:43,fire
128,5,1,2026-09-20 01:29:43,fire
128,5,1,2026-09-20 01:29:43,fire
128,5,1,2026-09-20 01:29:44,fire
128,5,1,2026-09-20 01:29:44,fire
128,5,1,2026-09-20 01:29:45,fire
128,5,1,2026-09-20 01:29:46,fire
128,5,1,2026-09-20 01:29:46,fire
128,5,1,2026-09-20 01:29:47,fire
128,5,1,2026-09-20 01:29:48,fire
128,5,-1,2026-09-20 01:32:25,end
128,6,3,2026-09-20 01:36:43,fire
128,6,3,2026-09-20 01:36:44,fire
128,6,3,2026-09-20 01:36:44,fire
128,6,3,2026-09-20 01:36:45,fire
128,6,3,2026-09-20 01:36:46,fire
128,6,3,2026-09-20 01:36:46,fire
128,6,3,2026-09-20 01:36:47,fire
128,6,3,2026-09-20 01:36:48,fire
128,6,3,2026-09-20 01:36:49,fire
128,6,3,2026-09-20 01:36:50,fire
128,6,3,2026-09-20 01:36:50,fire
128,6,3,2026-09-20 01:36:51,fire
128,6,3,2026-09-20 01:36:51,fire
128,6,3,2026-09-20 01:36:52,fire
128,6,3,2026-09-20 01:36:53,fire
128,6,1,2026-09-20 01:37:28,fire
128,6,1,2026-09-20 01:37:29,fire
128,6,1,2026-09-20 01:37:29,fire
128,6,1,2026-09-20 01:37:30,fire
128,6,1,2026-09-20 01:37:31,fire
128,6,1,2026-09-20 01:37:32,fire
128,6,1,2026-09-20 01:37:32,fire
128,6,1,2026-09-20 01:37:33,fire
128,6,1,2026-09-20 01:37:34,fire
128,6,1,2026-09-20 01:37:35,fire
128,6,1,2026-09-20 01:37:36,fire
128,6,1,2026-09-20 01:37:36,fire
128,6,1,2026-09-20 01:37:37,fire
128,6,1,2026-09-20 01:37:38,fire
128,6,2,2026-09-20 01:38:22,fire
128,6,2,2026-09-20 01:38:23,fire
128,6,2,2026-09-20 01:38:24,fire
128,6,2,2026-09-20 01:38:25,fire
128,6,2,2026-09-20 01:38:26,fire
128,6,2,2026-09-20 01:38:27,fire
128,6,2,2026-09-20 01:38:28,fire
128,6,2,2026-09-20 01:38:28,fire
128,6,2,2026-09-20 01:38:29,fire
128,6,2,2026-09-20 01:38:30,fire
128,6,2,2026-09-20 01:38:31,fire
128,6,2,2026-09-20 01:38:32,fire
128,6,2,2026-09-20 01:38:33,fire
128,6,2,2026-09-20 01:38:33,fire
128,6,2,2026-09-20 01:38:34,fire
128,6,-1,2026-09-20 01:42:03,end
128,7,1,2026-09-20 01:45:21,fire
128,7,1,2026-09-20 01:45:22,fire
128,7,1,2026-09-20 01:45:23,fire
128,7,1,2026-09-20 01:45:24,fire
128,7,1,2026-09-20 01:45:24,fire
128,7,1,2026-09-20 01:45:25,fire
128,7,1,2026-09-20 01:45:25,fire
128,7,1,2026-09-20 01:45:26,fire
128,7,1,2026-09-20 01:45:27,fire
128,7,1,2026-09-20 01:45:28,fire
128,7,1,2026-09-20 01:45:29,fire
128,7,1,2026-09-20 01:45:30,fire
128,7,1,2026-09-20 01:45:31,fire
128,7,1,2026-09-20 01:45:32,fire
128,7,3,2026-09-20 01:47:12,fire
128,7,3,2026-09-20 01:47:12,fire
128,7,3,2026-09-20 01:47:13,fire
128,7,3,2026-09-20 01:47:14,fire
128,7,3,2026-09-20 01:47:14,fire
128,7,3,2026-09-20 01:47:14,fire
128,7,3,2026-09-20 01:47:15,fire
128,7,3,2026-09-20 01:47:15,fire
128,7,3,2026-09-20 01:47:17,fire
128,7,3,2026-09-20 01:47:18,fire
128,7,3,2026-09-20 01:47:19,fire
128,7,3,2026-09-20 01:47:20,fire
128,7,3,2026-09-20 01:47:20,fire
128,7,3,2026-09-20 01:47:20,fire
128,7,3,2026-09-20 01:47:21,fire
128,7,2,2026-09-20 01:48:06,fire
128,7,2,2026-09-20 01:48:06,fire
128,7,2,2026-09-20 01:48:07,fire
128,7,2,2026-09-20 01:48:09,fire
128,7,2,2026-09-20 01:48:09,fire
128,7,2,2026-09-20 01:48:09,fire
128,7,2,2026-09-20 01:48:10,fire
128,7,2,2026-09-20 01:48:10,fire
128,7,2,2026-09-20 01:48:10,fire
128,7,2,2026-09-20 01:48:11,fire
128,7,2,2026-09-20 01:48:11,fire
128,7,2,2026-09-20 01:48:12,fire
128,7,2,2026-09-20 01:48:13,fire
128,7,2,2026-09-20 01:48:14,fire
128,7,2,2026-09-20 01:48:14,fire
128,7,-1,2026-09-20 01:52:30,end
128,8,3,2026-09-20 01:55:52,fire
128,8,3,2026-09-20 01:55:53,fire
128,8,3,2026-09-20 01:55:53,fire
128,8,3,2026-09-20 01:55:55,fire
128,8,3,2026-09-20 01:55:55,fire
128,8,3,2026-09-20 01:55:56,fire
128,8,3,2026-09-20 01:55:57,fire
128,8,3,2026-09-20 01:55:58,fire
128,8,3,2026-09-20 01:55:59,fire
128,8,3,2026-09-20 01:56:00,fire
128,8,3,2026-09-20 01:56:00,fire
128,8,3,2026-09-20 01:56:01,fire
128,8,3,2026-09-20 01:56:01,fire
128,8,3,2026-09-20 01:56:02,fire
128,8,3,2026-09-20 01:56:03,fire
128,8,2,2026-09-20 01:56:37,fire
128,8,2,2026-09-20 01:56:38,fire
128,8,2,2026-09-20 01:56:39,fire
128,8,2,2026-09-20 01:56:39,fire
128,8,2,2026-09-20 01:56:40,fire
128,8,2,2026-09-20 01:56:40,fire
128,8,2,2026-09-20 01:56:41,fire
128,8,2,2026-09-20 01:56:41,fire
128,8,2,2026-09-20 01:56:41,fire
128,8,2,2026-09-20 01:56:42,fire
128,8,2,2026-09-20 01:56:44,fire
128,8,2,2026-09-20 01:56:44,fire
128,8,2,2026-09-20 01:56:45,fire
128,8,2,2026-09-20 01:56:45,fire
128,8,2,2026-09-20 01:56:46,fire
128,8,1,2026-09-20 01:57:57,fire
128,8,1,2026-09-20 01:57:59,fire
128,8,1,2026-09-20 01:57:59,fire
128,8,1,2026-09-20 01:58:00,fire
128,8,1,2026-09-20 01:58:01,fire
128,8,1,2026-09-20 01:58:02,fire
128,8,1,2026-09-20 01:58:02,fire
128,8,1,2026-09-20 01:58:02,fire
128,8,1,2026-09-20 01:58:02,fire
128,8,1,2026-09-20 01:58:03,fire
128,8,1,2026-09-20 01:58:03,fire
128,8,1,2026-09-20 01:58:04,fire
128,8,1,2026-09-20 01:58:05,fire
128,8,-1,2026-09-20 02:00:57,end
128,9,0,2026-09-20 02:04:11,fire
128,9,0,2026-09-20 02:04:12,fire
128,9,0,2026-09-20 02:04:13,fire
128,9,0,2026-09-20 02:04:14,fire
128,9,0,2026-09-20 02:04:15,fire
128,9,0,2026-09-20 02:04:15,fire
128,9,0,2026-09-20 02:04:16,fire
128,9,0,2026-09-20 02:04:16,fire
128,9,0,2026-09-20 02:04:17,fire
128,9,0,2026-09-20 02:04:18,fire
128,9,0,2026-09-20 02:04:19,fire
128,9,0,2026-09-20 02:04:20,fire
128,9,0,2026-09-20 02:04:21,fire
128,9,0,2026-09-20 02:04:21,fire
128,9,2,2026-09-20 02:06:16,fire
128,9,2,2026-09-20 02:06:17,fire
128,9,2,2026-09-20 02:06:18,fire
128,9,2,2026-09-20 02:06:18,fire
128,9,2,2026-09-20 02:06:19,fire
128,9,2,2026-09-20 02:06:20,fire
128,9,2,2026-09-20 02:06:21,fire
128,9,2,2026-09-20 02:06:22,fire
128,9,2,2026-09-20 02:06:23,fire
128,9,2,2026-09-20 02:06:24,fire
128,9,2,2026-09-20 02:06:25,fire
128,9,2,2026-09-20 02:06:25,fire
128,9,2,2026-09-20 02:06:26,fire
128,9,2,2026-09-20 02:06:26,fire
128,9,2,2026-09-20 02:06:28,fire
128,9,1,2026-09-20 02:07:26,fire
128,9,1,2026-09-20 02:07:27,fire
128,9,1,2026-09-20 02:07:28,fire
128,9,1,2026-09-20 02:07:29,fire
128,9,1,2026-09-20 02:07:29,fire
128,9,1,2026-09-20 02:07:29,fire
128,9,1,2026-09-20 02:07:29,fire
128,9,1,2026-09-20 02:07:30,fire
128,9,1,2026-09-20 02:07:31,fire
128,9,1,2026-09-20 02:07:31,fire
128,9,1,2026-09-20 02:07:32,fire
128,9,1,2026-09-20 02:07:32,fire
128,9,1,2026-09-20 02:07:32,fire
128,9,1,2026-09-20 02:07:33,fire
128,9,-1,2026-09-20 02:10:05,end
128,10,3,2026-09-20 02:15:45,fire
128,10,3,2026-09-20 02:15:46,fire
128,10,3,2026-09-20 02:15:46,fire
128,10,3,2026-09-20 02:15:48,fire
128,10,3,2026-09-20 02:15:49,fire
128,10,3,2026-09-20 02:15:50,fire
128,10,3,2026-09-20 02:15:51,fire
128,10,3,2026-09-20 02:15:52,fire
128,10,3,2026-09-20 02:15:53,fire
128,10,3,2026-09-20 02:15:54,fire
128,10,3,2026-09-20 02:15:54,fire
128,10,3,2026-09-20 02:15:55,fire
128,10,3,2026-09-20 02:15:56,fire
128,10,3,2026-09-20 02:15:57,fire
128,10,0,2026-09-20 02:17:02,fire
128,10,0,2026-09-20 02:17:03,fire
128,10,0,2026-09-20 02:17:03,fire
128,10,0,2026-09-20 02:17:04,fire
128,10,0,2026-09-20 02:17:05,fire
128,10,0,2026-09-20 02:17:05,fire
128,10,0,2026-09-20 02:17:05,fire
128,10,0,2026-09-20 02:17:06,fire
128,10,0,2026-09-20 02:17:07,fire
128,10,0,2026-09-20 02:17:07,fire
128,10,0,2026-09-20 02:17:08,fire
128,10,0,2026-09-20 02:17:08,fire
128,10,0,2026-09-20 02:17:09,fire
128,10,0,2026-09-20 02:17:10,fire
128,10,0,2026-09-20 02:17:11,fire
128,10,2,2026-09-20 02:17:35,fire
128,10,2,2026-09-20 02:17:36,fire
128,10,2,2026-09-20 02:17:36,fire
128,10,2,2026-09-20 02:17:37,fire
128,10,2,2026-09-20 02:17:37,fire
128,10,2,2026-09-20 02:17:37,fire
128,10,2,2026-09-20 02:17:37,fire
128,10,2,2026-09-20 02:17:38,fire
128,10,2,2026-09-20 02:17:38,fire
128,10,2,2026-09-20 02:17:39,fire
128,10,2,2026-09-20 02:17:40,fire
128,10,2,2026-09-20 02:17:41,fire
128,10,2,2026-09-20 02:17:41,fire
128,10,2,2026-09-20 02:17:43,fire
128,10,2,2026-09-20 02:17:43,fire
128,10,-1,2026-09-20 02:19:14,end
128,11,1,2026-09-20 02:25:03,fire
128,11,1,2026-09-20 02:25:04,fire
128,11,1,2026-09-20 02:25:05,fire
128,11,1,2026-09-20 02:25:06,fire
128,11,1,2026-09-20 02:25:06,fire
128,11,1,2026-09-20 02:25:07,fire
128,11,1,2026-09-20 02:25:09,fire
128,11,1,2026-09-20 02:25:09,fire
128,11,1,2026-09-20 02:25:10,fire
128,11,1,2026-09-20 02:25:11,fire
128,11,1,2026-09-20 02:25:11,fire
128,11,1,2026-09-20 02:25:12,fire
128,11,1,2026-09-20 02:25:14,fire
128,11,1,2026-09-20 02:25:15,fire
128,11,3,2026-09-20 02:26:48,fire
128,11,3,2026-09-20 02:26:48,fire
128,11,3,2026-09-20 02:26:49,fire
128,11,3,2026-09-20 02:26:50,fire
128,11,3,2026-09-20 02:26:51,fire
128,11,3,2026-09-20 02:26:52,fire
128,11,3,2026-09-20 02:26:53,fire
128,11,3,2026-09-20 02:26:53,fire
128,11,3,2026-09-20 02:26:54,fire
128,11,3,2026-09-20 02:26:55,fire
128,11,3,2026-09-20 02:26:56,fire
128,11,3,2026-09-20 02:26:57,fire
128,11,3,2026-09-20 02:26:58,fire
128,11,2,2026-09-20 02:27:20,fire
128,11,2,2026-09-20 02:27:21,fire
128,11,2,2026-09-20 02:27:22,fire
128,11,2,2026-09-20 02:27:23,fire
128,11,2,2026-09-20 02:27:24,fire
128,11,2,2026-09-20 02:27:25,fire
128,11,2,2026-09-20 02:27:26,fire
128,11,2,2026-09-20 02:27:26,fire
128,11,2,2026-09-20 02:27:26,fire
128,11,2,2026-09-20 02:27:27,fire
128,11,2,2026-09-20 02:27:28,fire
128,11,2,2026-09-20 02:27:28,fire
128,11,-1,2026-09-20 02:30:20,end
128,12,3,2026-09-20 02:35:22,fire
128,12,3,2026-09-20 02:35:23,fire
128,12,3,2026-09-20 02:35:24,fire
128,12,3,2026-09-20 02:35:25,fire
128,12,3,2026-09-20 02:35:26,fire
128,12,3,2026-09-20 02:35:27,fire
128,12,3,2026-09-20 02:35:27,fire
128,12,3,2026-09-20 02:35:28,fire
128,12,3,2026-09-20 02:35:29,fire
128,12,3,2026-09-20 02:35:29,fire
128,12,3,2026-09-20 02:35:30,fire
128,12,3,2026-09-20 02:35:30,fire
128,12,3,2026-09-20 02:35:31,fire
128,12,3,2026-09-20 02:35:32,fire
128,12,3,2026-09-20 02:35:33,fire
128,12,1,2026-09-20 02:36:05,fire
128,12,1,2026-09-20 02:36:07,fire
128,12,1,2026-09-20 02:36:07,fire
128,12,1,2026-09-20 02:36:08,fire
128,12,1,2026-09-20 02:36:08,fire
128,12,1,2026-09-20 02:36:09,fire
128,12,1,2026-09-20 02:36:09,fire
128,12,1,2026-09-20 02:36:11,fire
128,12,1,2026-09-20 02:36:12,fire
128,12,1,2026-09-20 02:36:12,fire
128,12,1,2026-09-20 02:36:13,fire
128,12,1,2026-09-20 02:36:13,fire
128,12,1,2026-09-20 02:36:14,fire
128,12,1,2026-09-20 02:36:14,fire
128,12,1,2026-09-20 02:36:15,fire
128,12,0,2026-09-20 02:37:06,fire
128,12,0,2026-09-20 02:37:08,fire
128,12,0,2026-09-20 02:37:09,fire
128,12,0,2026-09-20 02:37:09,fire
128,12,0,2026-09-20 02:37:09,fire
128,12,0,2026-09-20 02:37:10,fire
128,12,0,2026-09-20 02:37:10,fire
128,12,0,2026-09-20 02:37:10,fire
128,12,0,2026-09-20 02:37:10,fire
128,12,0,2026-09-20 02:37:11,fire
128,12,0,2026-09-20 02:37:12,fire
128,12,0,2026-09-20 02:37:13,fire
128,12,0,2026-09-20 02:37:13,fire
128,12,0,2026-09-20 02:37:14,fire
128,12,-1,2026-09-20 02:40:23,end
128,13,3,2026-09-20 02:44:12,fire
128,13,3,2026-09-20 02:44:13,fire
128,13,3,2026-09-20 02:44:14,fire
128,13,3,2026-09-20 02:44:14,fire
128,13,3,2026-09-20 02:44:15,fire
128,13,3,2026-09-20 02:44:16,fire
128,13,3,2026-09-20 02:44:17,fire
128,13,3,2026-09-20 02:44:18,fire
128,13,3,2026-09-20 02:44:18,fire
128,13,3,2026-09-20 02:44:19,fire
128,13,3,2026-09-20 02:44:20,fire
128,13,3,2026-09-20 02:44:20,fire
128,13,3,2026-09-20 02:44:21,fire
128,13,3,2026-09-20 02:44:22,fire
128,13,2,2026-09-20 02:45:34,fire
128,13,2,2026-09-20 02:45:35,fire
128,13,2,2026-09-20 02:45:36,fire
128,13,2,2026-09-20 02:45:36,fire
128,13,2,2026-09-20 02:45:37,fire
128,13,2,2026-09-20 02:45:38,fire
128,13,2,2026-09-20 02:45:39,fire
128,13,2,2026-09-20 02:45:40,fire
128,13,2,2026-09-20 02:45:41,fire
128,13,2,2026-09-20 02:45:42,fire
128,13,2,2026-09-20 02:45:42,fire
128,13,2,2026-09-20 02:45:43,fire
128,13,1,2026-09-20 02:46:17,fire
128,13,1,2026-09-20 02:46:17,fire
128,13,1,2026-09-20 02:46:18,fire
128,13,1,2026-09-20 02:46:19,fire
128,13,1,2026-09-20 02:46:20,fire
128,13,1,2026-09-20 02:46:21,fire
128,13,1,2026-09-20 02:46:22,fire
128,13,1,2026-09-20 02:46:22,fire
128,13,1,2026-09-20 02:46:23,fire
128,13,1,2026-09-20 02:46:23,fire
128,13,1,2026-09-20 02:46:24,fire
128,13,1,2026-09-20 02:46:24,fire
128,13,1,2026-09-20 02:46:25,fire
128,13,1,2026-09-20 02:46:25,fire
128,13,1,2026-09-20 02:46:26,fire
128,13,-1,2026-09-20 02:49:55,end
128,14,0,2026-09-20 02:53:35,fire
128,14,0,2026-09-20 02:53:36,fire
128,14,0,2026-09-20 02:53:37,fire
128,14,0,2026-09-20 02:53:37,fire
128,14,0,2026-09-20 02:53:38,fire
128,14,0,2026-09-20 02:53:39,fire
128,14,0,2026-09-20 02:53:40,fire
128,14,0,2026-09-20 02:53:41,fire
128,14,0,2026-09-20 02:53:42,fire
128,14,0,2026-09-20 02:53:43,fire
128,14,0,2026-09-20 02:53:44,fire
128,14,0,2026-09-20 02:53:44,fire
128,14,0,2026-09-20 02:53:45,fire
128,14,0,2026-09-20 02:53:46,fire
128,14,0,2026-09-20 02:53:47,fire
128,14,3,2026-09-20 02:55:11,fire
128,14,3,2026-09-20 02:55:12,fire
128,14,3,2026-09-20 02:55:13,fire
128,14,3,2026-09-20 02:55:15,fire
128,14,3,2026-09-20 02:55:17,fire
128,14,3,2026-09-20 02:55:18,fire
128,14,3,2026-09-20 02:55:19,fire
128,14,3,2026-09-20 02:55:20,fire
128,14,3,2026-09-20 02:55:21,fire
128,14,3,2026-09-20 02:55:22,fire
128,14,3,2026-09-20 02:55:22,fire
128,14,3,2026-09-20 02:55:22,fire
128,14,3,2026-09-20 02:55:23,fire
128,14,1,2026-09-20 02:56:39,fire
128,14,1,2026-09-20 02:56:40,fire
128,14,1,2026-09-20 02:56:40,fire
128,14,1,2026-09-20 02:56:41,fire
128,14,1,2026-09-20 02:56:41,fire
128,14,1,2026-09-20 02:56:42,fire
128,14,1,2026-09-20 02:56:42,fire
128,14,1,2026-09-20 02:56:43,fire
128,14,1,2026-09-20 02:56:44,fire
128,14,1,2026-09-20 02:56:45,fire
128,14,1,2026-09-20 02:56:45,fire
128,14,1,2026-09-20 02:56:46,fire
128,14,1,2026-09-20 02:56:46,fire
128,14,1,2026-09-20 02:56:46,fire
128,14,1,2026-09-20 02:56:47,fire
128,14,-1,2026-09-20 03:00:17,end
128,15,0,2026-09-20 03:03:07,fire
128,15,0,2026-09-20 03:03:08,fire
128,15,0,2026-09-20 03:03:09,fire
128,15,0,2026-09-20 03:03:10,fire
128,15,0,2026-09-20 03:03:10,fire
128,15,0,2026-09-20 03:03:11,fire
128,15,0,2026-09-20 03:03:11,fire
128,15,0,2026-09-20 03:03:12,fire
128,15,0,2026-09-20 03:03:13,fire
128,15,0,2026-09-20 03:03:14,fire
128,15,0,2026-09-20 03:03:14,fire
128,15,0,2026-09-20 03:03:15,fire
128,15,0,2026-09-20 03:03:15,fire
128,15,0,2026-09-20 03:03:16,fire
128,15,0,2026-09-20 03:03:17,fire
128,15,3,2026-09-20 03:04:03,fire
128,15,3,2026-09-20 03:04:04,fire
128,15,3,2026-09-20 03:04:05,fire
128,15,3,2026-09-20 03:04:06,fire
128,15,3,2026-09-20 03:04:06,fire
128,15,3,2026-09-20 03:04:07,fire
128,15,3,2026-09-20 03:04:07,fire
128,15,3,2026-09-20 03:04:08,fire
128,15,3,2026-09-20 03:04:08,fire
128,15,3,2026-09-20 03:04:09,fire
128,15,3,2026-09-20 03:04:10,fire
128,15,3,2026-09-20 03:04:11,fire
128,15,3,2026-09-20 03:04:12,fire
128,15,3,2026-09-20 03:04:12,fire
128,15,3,2026-09-20 03:04:13,fire
128,15,2,2026-09-20 03:05:32,fire
128,15,2,2026-09-20 03:05:33,fire
128,15,2,2026-09-20 03:05:33,fire
128,15,2,2026-09-20 03:05:34,fire
128,15,2,2026-09-20 03:05:35,fire
128,15,2,2026-09-20 03:05:35,fire
128,15,2,2026-09-20 03:05:35,fire
128,15,2,2026-09-20 03:05:36,fire
128,15,2,2026-09-20 03:05:37,fire
128,15,2,2026-09-20 03:05:38,fire
128,15,2,2026-09-20 03:05:38,fire
128,15,2,2026-09-20 03:05:39,fire
128,15,2,2026-09-20 03:05:40,fire
128,15,2,2026-09-20 03:05:40,fire
128,15,2,2026-09-20 03:05:41,fire
128,15,-1,2026-09-20 03:09:01,end
128,16,2,2026-09-20 03:12:18,fire
128,16,2,2026-09-20 03:12:18,fire
128,16,2,2026-09-20 03:12:19,fire
128,16,2,2026-09-20 03:12:20,fire
128,16,2,2026-09-20 03:12:20,fire
128,16,2,2026-09-20 03:12:21,fire
128,16,2,2026-09-20 03:12:21,fire
128,16,2,2026-09-20 03:12:22,fire
128,16,2,2026-09-20 03:12:23,fire
128,16,2,2026-09-20 03:12:23,fire
128,16,2,2026-09-20 03:12:24,fire
128,16,2,2026-09-20 03:12:25,fire
128,16,2,2026-09-20 03:12:26,fire
128,16,2,2026-09-20 03:12:27,fire
128,16,3,2026-09-20 03:13:21,fire
128,16,3,2026-09-20 03:13:21,fire
128,16,3,2026-09-20 03:13:22,fire
128,16,3,2026-09-20 03:13:23,fire
128,16,3,2026-09-20 03:13:24,fire
128,16,3,2026-09-20 03:13:25,fire
128,16,3,2026-09-20 03:13:25,fire
128,16,3,2026-09-20 03:13:26,fire
128,16,3,2026-09-20 03:13:26,fire
128,16,3,2026-09-20 03:13:27,fire
128,16,3,2026-09-20 03:13:28,fire
128,16,3,2026-09-20 03:13:29,fire
128,16,3,2026-09-20 03:13:30,fire
128,16,3,2026-09-20 03:13:30,fire
128,16,3,2026-09-20 03:13:30,fire
128,16,0,2026-09-20 03:14:58,fire
128,16,0,2026-09-20 03:14:59,fire
128,16,0,2026-09-20 03:15:00,fire
128,16,0,2026-09-20 03:15:01,fire
128,16,0,2026-09-20 03:15:02,fire
128,16,0,2026-09-20 03:15:02,fire
128,16,0,2026-09-20 03:15:02,fire
128,16,0,2026-09-20 03:15:03,fire
128,16,0,2026-09-20 03:15:03,fire
128,16,0,2026-09-20 03:15:04,fire
128,16,0,2026-09-20 03:15:05,fire
128,16,0,2026-09-20 03:15:06,fire
128,16,0,2026-09-20 03:15:07,fire
128,16,0,2026-09-20 03:15:07,fire
128,16,-1,2026-09-20 03:18:42,end
128,17,3,2026-09-20 03:21:14,fire
128,17,3,2026-09-20 03:21:16,fire
128,17,3,2026-09-20 03:21:17,fire
128,17,3,2026-09-20 03:21:17,fire
128,17,3,2026-09-20 03:21:18,fire
128,17,3,2026-09-20 03:21:19,fire
128,17,3,2026-09-20 03:21:20,fire
128,17,3,2026-09-20 03:21:21,fire
128,17,3,2026-09-20 03:21:21,fire
128,17,3,2026-09-20 03:21:22,fire
128,17,3,2026-09-20 03:21:23,fire
128,17,3,2026-09-20 03:21:24,fire
128,17,3,2026-09-20 03:21:25,fire
128,17,3,2026-09-20 03:21:26,fire
128,17,2,2026-09-20 03:23:35,fire
128,17,2,2026-09-20 03:23:37,fire
128,17,2,2026-09-20 03:23:37,fire
128,17,2,2026-09-20 03:23:38,fire
128,17,2,2026-09-20 03:23:39,fire
128,17,2,2026-09-20 03:23:40,fire
128,17,2,2026-09-20 03:23:41,fire
128,17,2,2026-09-20 03:23:41,fire
128,17,2,2026-09-20 03:23:42,fire
128,17,2,2026-09-20 03:23:42,fire
128,17,2,2026-09-20 03:23:43,fire
128,17,2,2026-09-20 03:23:44,fire
128,17,2,2026-09-20 03:23:45,fire
128,17,2,2026-09-20 03:23:46,fire
128,17,2,2026-09-20 03:23:47,fire
128,17,0,2026-09-20 03:25:51,fire
128,17,0,2026-09-20 03:25:52,fire
128,17,0,2026-09-20 03:25:54,fire
128,17,0,2026-09-20 03:25:57,fire
128,17,0,2026-09-20 03:25:58,fire
128,17,0,2026-09-20 03:25:59,fire
128,17,0,2026-09-20 03:26:00,fire
128,17,0,2026-09-20 03:26:02,fire
128,17,0,2026-09-20 03:26:03,fire
128,17,0,2026-09-20 03:26:04,fire
128,17,0,2026-09-20 03:26:04,fire
128,17,0,2026-09-20 03:26:05,fire
128,17,0,2026-09-20 03:26:06,fire
128,17,0,2026-09-20 03:26:06,fire
128,17,0,2026-09-20 03:26:06,fire
128,17,-1,2026-09-20 03:30:55,end
128,18,0,2026-09-20 03:34:19,fire
128,18,0,2026-09-20 03:34:20,fire
128,18,0,2026-09-20 03:34:21,fire
128,18,0,2026-09-20 03:34:21,fire
128,18,0,2026-09-20 03:34:22,fire
128,18,0,2026-09-20 03:34:22,fire
128,18,0,2026-09-20 03:34:23,fire
128,18,0,2026-09-20 03:34:24,fire
128,18,0,2026-09-20 03:34:25,fire
128,18,0,2026-09-20 03:34:26,fire
128,18,0,2026-09-20 03:34:27,fire
128,18,0,2026-09-20 03:34:28,fire
128,18,0,2026-09-20 03:34:28,fire
128,18,0,2026-09-20 03:34:29,fire
128,18,1,2026-09-20 03:35:29,fire
128,18,1,2026-09-20 03:35:30,fire
128,18,1,2026-09-20 03:35:31,fire
128,18,1,2026-09-20 03:35:32,fire
128,18,1,2026-09-20 03:35:33,fire
128,18,1,2026-09-20 03:35:34,fire
128,18,1,2026-09-20 03:35:34,fire
128,18,1,2026-09-20 03:35:35,fire
128,18,1,2026-09-20 03:35:36,fire
128,18,1,2026-09-20 03:35:37,fire
128,18,1,2026-09-20 03:35:37,fire
128,18,1,2026-09-20 03:35:38,fire
128,18,1,2026-09-20 03:35:38,fire
128,18,1,2026-09-20 03:35:39,fire
128,18,2,2026-09-20 03:36:33,fire
128,18,2,2026-09-20 03:36:34,fire
128,18,2,2026-09-20 03:36:34,fire
128,18,2,2026-09-20 03:36:35,fire
128,18,2,2026-09-20 03:36:36,fire
128,18,2,2026-09-20 03:36:36,fire
128,18,2,2026-09-20 03:36:36,fire
128,18,2,2026-09-20 03:36:37,fire
128,18,2,2026-09-20 03:36:38,fire
128,18,2,2026-09-20 03:36:39,fire
128,18,2,2026-09-20 03:36:39,fire
128,18,2,2026-09-20 03:36:40,fire
128,18,2,2026-09-20 03:36:41,fire
128,18,2,2026-09-20 03:36:42,fire
128,18,2,2026-09-20 03:36:42,fire
128,18,-1,2026-09-20 03:39:39,end
128,19,2,2026-09-20 03:43:30,fire
128,19,2,2026-09-20 03:43:32,fire
128,19,2,2026-09-20 03:43:32,fire
128,19,2,2026-09-20 03:43:32,fire
128,19,2,2026-09-20 03:43:33,fire
128,19,2,2026-09-20 03:43:34,fire
128,19,2,2026-09-20 03:43:35,fire
128,19,2,2026-09-20 03:43:35,fire
128,19,2,2026-09-20 03:43:36,fire
128,19,2,2026-09-20 03:43:37,fire
128,19,2,2026-09-20 03:43:39,fire
128,19,2,2026-09-20 03:43:39,fire
128,19,2,2026-09-20 03:43:40,fire
128,19,2,2026-09-20 03:43:41,fire
128,19,2,2026-09-20 03:43:41,fire
128,19,3,2026-09-20 03:45:04,fire
128,19,3,2026-09-20 03:45:05,fire
128,19,3,2026-09-20 03:45:06,fire
128,19,3,2026-09-20 03:45:07,fire
128,19,3,2026-09-20 03:45:08,fire
128,19,3,2026-09-20 03:45:08,fire
128,19,3,2026-09-20 03:45:09,fire
128,19,3,2026-09-20 03:45:09,fire
128,19,3,2026-09-20 03:45:10,fire
128,19,3,2026-09-20 03:45:10,fire
128,19,3,2026-09-20 03:45:11,fire
128,19,3,2026-09-20 03:45:11,fire
128,19,3,2026-09-20 03:45:12,fire
128,19,3,2026-09-20 03:45:13,fire
128,19,3,2026-09-20 03:45:13,fire
128,19,1,2026-09-20 03:46:52,fire
128,19,1,2026-09-20 03:46:53,fire
128,19,1,2026-09-20 03:46:54,fire
128,19,1,2026-09-20 03:46:54,fire
128,19,1,2026-09-20 03:46:55,fire
128,19,1,2026-09-20 03:46:56,fire
128,19,1,2026-09-20 03:46:57,fire
128,19,1,2026-09-20 03:46:57,fire
128,19,1,2026-09-20 03:46:58,fire
128,19,1,2026-09-20 03:46:58,fire
128,19,1,2026-09-20 03:46:59,fire
128,19,1,2026-09-20 03:47:00,fire
128,19,1,2026-09-20 03:47:00,fire
128,19,1,2026-09-20 03:47:01,fire
128,19,1,2026-09-20 03:47:02,fire
128,19,-1,2026-09-20 03:49:12,end
