table,backend,gpu,args_hash,differing,main_time_ms,fork_time_ms,rel,main_hash,branch_hash,main_bw,branch_bw
elementwise,triton,NVIDIA B200,01575d51c5d72dab,run_key|profiler_run_at|time_ms|memory_bandwidth_gbps|energy_j,0.0082881355,0.007929125,-0.043316195783719924,48864532,83c98169,5752.492825437036,6012.950987656268
elementwise,triton,NVIDIA B200,02dea42fc1f457f9,run_key|profiler_run_at|time_ms|memory_bandwidth_gbps|energy_j,0.01450337344,0.015002105,0.03438727976378986,48864532,83c98169,7157.577816599336,6919.630545180159
elementwise,triton,NVIDIA B200,04573bada340361a,run_key|profiler_run_at|time_ms|memory_bandwidth_gbps|energy_j,0.0020317582,0.0021262110000000002,0.046488209079210474,48864532,83c98169,774.1393636309676,739.7497238044577
elementwise,triton,NVIDIA B200,057b1302f50adc69,run_key|profiler_run_at|time_ms|memory_bandwidth_gbps|energy_j,0.00412121786,0.005172027,0.25497539215264875,48864532,83c98169,6297.229819342771,5017.811391935888
elementwise,triton,NVIDIA B200,05fae13246cedb68,run_key|profiler_run_at|time_ms|memory_bandwidth_gbps,0.003087401,0.003365519,0.090081592899659,f8bd625a,83c98169,4245.383090826232,3894.555341984401
elementwise,triton,NVIDIA B200,0614606910475389,run_key|profiler_run_at|time_ms|memory_bandwidth_gbps|energy_j,0.03194792402,0.029915105,-0.06362914281151455,48864532,83c98169,7089.425148820672,7571.1723559051525
elementwise,triton,NVIDIA B200,063d3e72eef13612,run_key|profiler_run_at|time_ms|memory_bandwidth_gbps|energy_j,0.004015327280000001,0.004810933999999999,0.1981424338590898,48864532,83c98169,7050.870334036632,5884.834836645026
elementwise,triton,NVIDIA B200,06514ed9c87aa600,run_key|profiler_run_at|time_ms|memory_bandwidth_gbps|energy_j,0.014439383620000001,0.013602293,-0.057972739143833385,48864532,83c98169,6862.511212926692,7284.832932212238
elementwise,triton,NVIDIA B200,072bde5df2de52eb,run_key|profiler_run_at|time_ms|memory_bandwidth_gbps|energy_j,0.0016813512800000002,0.002281031,0.3566653364667496,48864532,83c98169,472.6103399403841,348.361771497187
elementwise,triton,NVIDIA B200,07c05b0dfd2a53ff,run_key|profiler_run_at|time_ms|memory_bandwidth_gbps|energy_j,0.22698039714544632,0.22645871719457014,-0.0022983480399053624,b0243fc3,83c98169,7095.82305897517,7112.169299343793
elementwise,triton,NVIDIA B200,08475e66fce76edc,run_key|profiler_run_at|time_ms|memory_bandwidth_gbps,0.045503345,0.044785947,-0.015765829962610445,6d60d963,83c98169,6985.191967755338,7097.083377515719
elementwise,triton,NVIDIA B200,0ad18082b8b9aa97,run_key|profiler_run_at|time_ms|memory_bandwidth_gbps|energy_j,0.00858772014,0.007908662,-0.07907315666204273,48864532,83c98169,6349.293073260304,6894.459770818376
elementwise,triton,NVIDIA B200,0b465f3504f1f3a1,run_key|profiler_run_at|time_ms|memory_bandwidth_gbps|energy_j,0.008448527360000001,0.007887303,-0.06642866100631306,48864532,83c98169,5864.3611944224085,6281.642280003697
elementwise,triton,NVIDIA B200,0cd1a377ee937199,run_key|profiler_run_at|time_ms|memory_bandwidth_gbps|energy_j,0.0015584077600000002,0.001998909,0.28266109249866656,48864532,83c98169,84.10635737594119,65.57176940020781
elementwise,triton,NVIDIA B200,0d1174f2962bc358,run_key|profiler_run_at|time_ms|memory_bandwidth_gbps,0.030951461,0.030058467000000002,-0.028851432893587714,6d60d963,83c98169,7188.50460726232,7402.064782611834
elementwise,triton,NVIDIA B200,0d204602f9bb56de,run_key|profiler_run_at|time_ms|memory_bandwidth_gbps|energy_j,0.03528783974,0.034353686,-0.026472398052213575,48864532,83c98169,7607.024345435321,7813.876391604673
elementwise,triton,NVIDIA B200,0e00c6f0b0862a43,run_key|profiler_run_at|time_ms|memory_bandwidth_gbps,0.001760896,0.002380308,0.3517595587700806,6d60d963,83c98169,1507.3053718107146,1115.0691423126755
elementwise,triton,NVIDIA B200,0e21ef2b485ff004,run_key|profiler_run_at|time_ms|memory_bandwidth_gbps|energy_j,0.0142016939,0.013231585,-0.06830937962970729,48864532,83c98169,6645.111538420075,7132.315591820632
elementwise,triton,NVIDIA B200,130e03c73980151d,run_key|profiler_run_at|time_ms|memory_bandwidth_gbps|energy_j,0.0028939451,0.003286869,0.1357744830750245,48864532,83c98169,2241.94439624995,1973.9344646835634
elementwise,triton,NVIDIA B200,14d2016baacbdf73,run_key|profiler_run_at|time_ms|memory_bandwidth_gbps|energy_j,0.00675079742,0.007740955999999999,0.14667283261478747,48864532,83c98169,6834.354688723573,5960.16099303497
elementwise,triton,NVIDIA B200,18077a9a2f0ce937,run_key|profiler_run_at|time_ms|memory_bandwidth_gbps|energy_j,0.017479335080000002,0.016930334,-0.031408579187212626,48864532,83c98169,8098.578083898143,8361.191220444913
elementwise,triton,NVIDIA B200,188afa5908c9be15,run_key|profiler_run_at|time_ms|memory_bandwidth_gbps|energy_j,0.025748932359999997,0.025488529,-0.010113171154409684,b0243fc3,83c98169,6841.478533442387,6911.374446128295
elementwise,triton,NVIDIA B200,196204c9d39ebb8b,run_key|profiler_run_at|time_ms|memory_bandwidth_gbps,0.0039994209999999995,0.004078113,0.019675848079009572,f8bd625a,83c98169,4981.457065910291,4885.3339767681755
elementwise,triton,NVIDIA B200,1968fdde61ceca46,run_key|profiler_run_at|time_ms|memory_bandwidth_gbps|energy_j,0.00381818308,0.004524634,0.18502279885437023,48864532,83c98169,6179.106529380985,5214.335568357575
elementwise,triton,NVIDIA B200,1a5e0e5a68b138e1,run_key|profiler_run_at|time_ms|memory_bandwidth_gbps|energy_j,0.00179608818,0.002225305,0.23897313326787772,48864532,83c98169,583.8109797036802,471.20552014218276
elementwise,triton,NVIDIA B200,1a931a31d8f81517,run_key|profiler_run_at|time_ms|memory_bandwidth_gbps,0.0015364975000000001,0.0020605389999999997,0.34106238376567455,4f2496d3,83c98169,287.90674895338265,214.6855749879037
elementwise,triton,NVIDIA B200,1a98ac57e022f3c3,run_key|profiler_run_at|time_ms|memory_bandwidth_gbps|energy_j,0.0018946718000000002,0.002333838,0.2317901179507711,48864532,83c98169,691.792636592786,561.6156734100653
elementwise,triton,NVIDIA B200,1c15eb505c684be2,run_key|profiler_run_at|time_ms|memory_bandwidth_gbps,0.009492328999999999,0.008079161,-0.14887473874957347,4f2496d3,83c98169,6296.540290586221,7397.9008463873915
elementwise,triton,NVIDIA B200,1c1d8d2d2a6d8d10,run_key|profiler_run_at|time_ms|memory_bandwidth_gbps,0.001540914,0.0021706440000000002,0.408673034315997,f8bd625a,83c98169,71.77039081999385,50.948934970451155
elementwise,triton,NVIDIA B200,1d564a5e83082d05,run_key|profiler_run_at|time_ms|memory_bandwidth_gbps,0.011379087999999999,0.011668897,0.025468561276615453,4f2496d3,83c98169,6911.204131649215,6739.557303488067
elementwise,triton,NVIDIA B200,1ddb67ea8cc57543,run_key|profiler_run_at|time_ms|memory_bandwidth_gbps|energy_j,0.015837719,0.013051585,-0.1759176305628355,b0243fc3,83c98169,6753.1664124107765,8194.77113316122
elementwise,triton,NVIDIA B200,1e47d4d1d2b03bae,run_key|profiler_run_at|time_ms|memory_bandwidth_gbps|energy_j,0.0016834956,0.0018272184,0.08537165169900063,48864532,83c98169,272.49967270481727,251.06577298039468
elementwise,triton,NVIDIA B200,1eb7d0db93e3a91f,run_key|profiler_run_at|time_ms|memory_bandwidth_gbps|energy_j,0.00314429448,0.003679544,0.17022881393730005,48864532,83c98169,3376.5387012987408,2885.3662301633026
elementwise,triton,NVIDIA B200,1f8806f36e0240dc,run_key|profiler_run_at|time_ms|memory_bandwidth_gbps|energy_j,0.06417325041757677,0.063490774,-0.010634904935247547,48864532,83c98169,7320.215899042793,7398.902524010811
elementwise,triton,NVIDIA B200,2071dbab226d4b9e,run_key|profiler_run_at|time_ms|memory_bandwidth_gbps|energy_j,0.007658500380000001,0.008200485,0.07076902697757648,b1f7dd17,83c98169,6469.3103795341185,6041.742165249982
elementwise,triton,NVIDIA B200,21c6bdc00f541302,run_key|profiler_run_at|time_ms|memory_bandwidth_gbps,0.056834233,0.056145106,-0.01212520981852605,6d60d963,83c98169,7379.890215110319,7470.471246416384
elementwise,triton,NVIDIA B200,22318f467e3921ce,run_key|profiler_run_at|time_ms|memory_bandwidth_gbps|energy_j,0.00987290964,0.010239267,0.0371073344493813,48864532,83c98169,6691.065796080758,6451.661823058233
elementwise,triton,NVIDIA B200,236e40279c65c21a,run_key|profiler_run_at|time_ms|memory_bandwidth_gbps|energy_j,0.010322489640000002,0.00971105,-0.05923373733703263,48864532,83c98169,6158.390293138622,6546.1427960931105
elementwise,triton,NVIDIA B200,23af560fdb9146a0,run_key|profiler_run_at|time_ms|memory_bandwidth_gbps|energy_j,0.00209620114,0.0030865149999999997,0.47243265023699,48864532,83c98169,3032.625008495129,2059.60184868695
elementwise,triton,NVIDIA B200,23b51de4ab2c227f,run_key|profiler_run_at|time_ms|memory_bandwidth_gbps|energy_j,0.0018186331,0.0024033310000000003,0.3215040460882408,48864532,83c98169,1747.7390024408992,1322.5377611323615
elementwise,triton,NVIDIA B200,23e814179a11cc40,run_key|profiler_run_at|time_ms|memory_bandwidth_gbps,0.0036636000000000004,0.004367582,0.1921558030352657,4f2496d3,83c98169,6010.507697346871,5041.713240873325
elementwise,triton,NVIDIA B200,26d512f0514accbc,run_key|profiler_run_at|time_ms|memory_bandwidth_gbps,0.00639938,0.006501093,0.01589419600023767,f8bd625a,83c98169,4915.67620613247,4838.7678810316975
elementwise,triton,NVIDIA B200,26f55c294a36c4f6,run_key|profiler_run_at|time_ms|memory_bandwidth_gbps|energy_j,0.03973158312,0.038901636,-0.02088885100534077,48864532,83c98169,7125.704484135845,7277.727856998095
elementwise,triton,NVIDIA B200,273b123abead2c54,run_key|profiler_run_at|time_ms|memory_bandwidth_gbps|energy_j,0.01708356756,0.016618034,-0.027250371350420632,48864532,83c98169,8102.056640913943,8329.025683784255
elementwise,triton,NVIDIA B200,2747edf0ce09bcb9,run_key|profiler_run_at|time_ms|memory_bandwidth_gbps|energy_j,0.00720406566,0.007528615000000001,0.04505085812890841,48864532,83c98169,4412.086382899514,4221.886761376428
elementwise,triton,NVIDIA B200,285da81254937642,run_key|profiler_run_at|time_ms|memory_bandwidth_gbps|energy_j,0.006283869,0.006468003000000001,0.029302647779576585,48864532,83c98169,7008.451640223562,6808.931906803382
elementwise,triton,NVIDIA B200,29915c7027bd257c,run_key|profiler_run_at|time_ms|memory_bandwidth_gbps|energy_j,0.01085957842,0.010699146000000001,-0.014773356183379271,48864532,83c98169,7724.616624666356,7840.446330950152
elementwise,triton,NVIDIA B200,299177661bf78f3f,run_key|profiler_run_at|time_ms|memory_bandwidth_gbps|energy_j,0.0071119962799999995,0.007174867,0.008840094612647897,48864532,83c98169,5971.224720606857,5918.901075100069
elementwise,triton,NVIDIA B200,2c03f7d8f8805fae,run_key|profiler_run_at|time_ms|memory_bandwidth_gbps|energy_j,0.0042815208999999995,0.005882207,0.37385922838774444,48864532,83c98169,7347.220937307582,5347.870280661663
elementwise,triton,NVIDIA B200,2cf9d48346e63c53,run_key|profiler_run_at|time_ms|memory_bandwidth_gbps|energy_j,0.01094853932,0.010661166,-0.026247640128126304,48864532,83c98169,7757.624420715876,7966.732344285795
elementwise,triton,NVIDIA B200,2d2072aed0425a8c,run_key|profiler_run_at|time_ms|memory_bandwidth_gbps|energy_j,0.00334375684,0.00383769,0.14771802605120055,48864532,83c98169,3327.0170446963484,2898.810482347454
elementwise,triton,NVIDIA B200,2d390d5c6e94665e,run_key|profiler_run_at|time_ms|memory_bandwidth_gbps|energy_j,0.0029897184,0.003914559,0.30934037132059,b1f7dd17,83c98169,5523.955700978394,4218.884426061786
elementwise,triton,NVIDIA B200,2ee66a0f63afc813,run_key|profiler_run_at|time_ms|memory_bandwidth_gbps,0.14555786005830904,0.14400429725829725,-0.010673163231373684,6d60d963,83c98169,6987.72790141702,7063.113666501335
elementwise,triton,NVIDIA B200,318eebcf9ca06922,run_key|profiler_run_at|time_ms|memory_bandwidth_gbps|energy_j,0.005118941960000001,0.006283069999999999,0.22741575292250404,48864532,83c98169,6759.7969014675045,5507.3408381571435
elementwise,triton,NVIDIA B200,31f2b18df295c5be,run_key|profiler_run_at|time_ms|memory_bandwidth_gbps|energy_j,0.00668985532,0.006961846000000001,0.04065718419752029,48864532,83c98169,5956.165880131471,5723.465873850125
elementwise,triton,NVIDIA B200,32be3107ce86f5b1,run_key|profiler_run_at|time_ms|memory_bandwidth_gbps|energy_j,0.00175265786,0.002271659,0.29612233616434414,48864532,83c98169,523.4929309020986,403.8916052101129
elementwise,triton,NVIDIA B200,32d2c3a7ececa94e,run_key|profiler_run_at|time_ms|memory_bandwidth_gbps,0.015802454,0.015049305,-0.04766025580583877,6d60d963,83c98169,7039.878742883859,7392.1925298211445
elementwise,triton,NVIDIA B200,33a7c66c34722a03,run_key|profiler_run_at|time_ms|memory_bandwidth_gbps,0.011598319,0.011703953,0.009107699141573944,4f2496d3,83c98169,7865.459813616095,7794.470124751868
elementwise,triton,NVIDIA B200,33e2863a91f30837,run_key|profiler_run_at|time_ms|memory_bandwidth_gbps|energy_j,0.0017533582400000001,0.002165563,0.23509443227072646,48864532,83c98169,616.7273608615202,499.33620033219995
elementwise,triton,NVIDIA B200,348ce1e414e3abb9,run_key|profiler_run_at|time_ms|memory_bandwidth_gbps|energy_j,0.00217537346,0.002391346,0.09928067247818673,509bf5db,83c98169,813.4106775394788,739.9481296307603
elementwise,triton,NVIDIA B200,35780c9af698294e,run_key|profiler_run_at|time_ms|memory_bandwidth_gbps,0.025270532,0.024559472,-0.028137911778034597,6d60d963,83c98169,6917.83140932688,7118.120454706845
elementwise,triton,NVIDIA B200,3592999729955c38,run_key|profiler_run_at|time_ms|memory_bandwidth_gbps|energy_j,0.0277203095,0.026841138,-0.03171578946476039,48864532,83c98169,6879.784657527002,7105.129447194079
elementwise,triton,NVIDIA B200,35dd39635de1fd09,run_key|profiler_run_at|time_ms|memory_bandwidth_gbps|energy_j,0.00793314176,0.008295344999999999,0.0456569731082177,48864532,83c98169,6344.478583980327,6067.456868882488
elementwise,triton,NVIDIA B200,3601da5e4042c8d0,run_key|profiler_run_at|time_ms|memory_bandwidth_gbps,0.002877465,0.0032877369999999998,0.14258105658974118,f8bd625a,83c98169,4008.5060982496743,3508.2903529083987
elementwise,triton,NVIDIA B200,3647d96c72d37e9f,run_key|profiler_run_at|time_ms|memory_bandwidth_gbps|energy_j,0.00168277774,0.0022079695,0.3120981146327737,48864532,83c98169,311.56105024303446,237.45255539082405
elementwise,triton,NVIDIA B200,3707fc2deb8ef64c,run_key|profiler_run_at|time_ms|memory_bandwidth_gbps|energy_j,0.00169922166,0.002336087,0.37479827087420725,48864532,83c98169,935.2799798938532,680.3034304801148
elementwise,triton,NVIDIA B200,37a5f62d488e11ba,run_key|profiler_run_at|time_ms|memory_bandwidth_gbps|energy_j,0.0060588620800000005,0.005718223,-0.05622162635529093,48864532,83c98169,5884.204579880451,6234.731314256195
elementwise,triton,NVIDIA B200,38db32cd5bdf244b,run_key|profiler_run_at|time_ms|memory_bandwidth_gbps,0.18877840566037735,0.18790533458646616,-0.004624846103859381,f8bd625a,83c98169,4443.626891886969,4464.273469649642
elementwise,triton,NVIDIA B200,392a1cad72e70b2a,run_key|profiler_run_at|time_ms|memory_bandwidth_gbps,0.0046341260000000006,0.0054933560000000005,0.18541360334181678,f8bd625a,83c98169,4525.453127515307,3817.6153156649593
elementwise,triton,NVIDIA B200,3a6250207e616837,run_key|profiler_run_at|time_ms|memory_bandwidth_gbps,0.0021233140000000003,0.003061741,0.44196336481556653,f8bd625a,83c98169,2469.196736799173,1712.38520828509
elementwise,triton,NVIDIA B200,3bf2b5f96c35d549,run_key|profiler_run_at|time_ms|memory_bandwidth_gbps|energy_j,0.011443359279999999,0.011504405,0.005334597866440527,48864532,83c98169,4948.1190456863815,4921.8628864335005
elementwise,triton,NVIDIA B200,3cc19502296d5b2d,run_key|profiler_run_at|time_ms|memory_bandwidth_gbps|energy_j,0.0037808843799999998,0.005091115,0.34654077943531303,48864532,83c98169,6656.068123405562,4943.086926930544
elementwise,triton,NVIDIA B200,3d815146cbb012e5,run_key|profiler_run_at|time_ms|memory_bandwidth_gbps|energy_j,0.00193786518,0.0025158589999999996,0.2982631743246451,48864532,83c98169,3246.591179268725,2500.718839966787
elementwise,triton,NVIDIA B200,3e6627ec88923b5d,run_key|profiler_run_at|time_ms|memory_bandwidth_gbps,0.030058170000000002,0.029421187,-0.021191676006889315,4f2496d3,83c98169,7064.190534553501,7217.133693484223
elementwise,triton,NVIDIA B200,3febb005eefabe19,run_key|profiler_run_at|time_ms|memory_bandwidth_gbps|energy_j,0.03662913854,0.03555705,-0.029268734748682412,48864532,83c98169,7557.482240476409,7785.349572025801
elementwise,triton,NVIDIA B200,3ff5cba4d65cb039,run_key|profiler_run_at|time_ms|memory_bandwidth_gbps|energy_j,0.0017579736,0.002326294,0.32328153278297256,48864532,83c98169,1789.4057112120456,1352.2486839582614
elementwise,triton,NVIDIA B200,4080aaa4f1c25a8a,run_key|profiler_run_at|time_ms|memory_bandwidth_gbps,0.052337864000000005,0.053520186000000004,0.0225901844217411,6d60d963,83c98169,7287.640168119967,7126.647878241678
elementwise,triton,NVIDIA B200,40df0bdc11866f66,run_key|profiler_run_at|time_ms|memory_bandwidth_gbps,0.009647952,0.009387885,-0.02695566893367618,4f2496d3,83c98169,7499.1815879681,7706.926959586744
elementwise,triton,NVIDIA B200,41c689eba84e0b17,run_key|profiler_run_at|time_ms|memory_bandwidth_gbps,0.045017972,0.044317607,-0.01555745336551373,f8bd625a,83c98169,4658.4772854716775,4732.096658558302
elementwise,triton,NVIDIA B200,44a88ba6fd201350,run_key|profiler_run_at|time_ms|memory_bandwidth_gbps,0.011920426000000001,0.011288527,-0.05300976659726775,f8bd625a,83c98169,6597.3481149079735,6966.648527305644
elementwise,triton,NVIDIA B200,45856b126972960d,run_key|profiler_run_at|time_ms|memory_bandwidth_gbps|energy_j,0.00159482472,0.001991918,0.24898866629055005,48864532,83c98169,249.12580988837442,199.46202604725696
elementwise,triton,NVIDIA B200,45ffcfefca46466f,run_key|profiler_run_at|time_ms|memory_bandwidth_gbps|energy_j,0.00177484116,0.00252306,0.42156946596843636,48864532,83c98169,2067.7996897480107,1454.5892685865574
elementwise,triton,NVIDIA B200,4808698cb5992cdb,run_key|profiler_run_at|time_ms|memory_bandwidth_gbps,0.002277745,0.003448422,0.5139631521526775,4f2496d3,83c98169,3884.262724756283,2565.625668784157
elementwise,triton,NVIDIA B200,484bbe2bb9926194,run_key|profiler_run_at|time_ms|memory_bandwidth_gbps,0.006290169,0.007241129,0.15118194757565329,f8bd625a,83c98169,5834.526862473806,5068.292527311694
elementwise,triton,NVIDIA B200,4a3dfd582c85884f,run_key|profiler_run_at|time_ms|memory_bandwidth_gbps,0.015128221,0.014498097,-0.0416522207072465,6d60d963,83c98169,6828.371954640271,7125.150286965248
elementwise,triton,NVIDIA B200,4a4e987144ffd1d5,run_key|profiler_run_at|time_ms|memory_bandwidth_gbps|energy_j,0.00206427716,0.002454852,0.18920658890592001,48864532,83c98169,2793.7953835617695,2349.2935623002936
elementwise,triton,NVIDIA B200,4adad4eeee7d45b6,run_key|profiler_run_at|time_ms|memory_bandwidth_gbps|energy_j,0.0099441289,0.009713276,-0.02321499472920152,48864532,83c98169,6326.804552986034,6477.172068414406
elementwise,triton,NVIDIA B200,4c8caee9720ce049,run_key|profiler_run_at|time_ms|memory_bandwidth_gbps|energy_j,0.01900813738,0.016154407,-0.1501320367666662,48864532,83c98169,7061.066811376338,8308.428034529526
elementwise,triton,NVIDIA B200,4d59061ad825243e,run_key|profiler_run_at|time_ms|memory_bandwidth_gbps|energy_j,0.01866862562,0.017999024,-0.035867751254417324,48864532,83c98169,8088.166053222294,8389.062873631372
elementwise,triton,NVIDIA B200,4da62167bd8f2e1e,run_key|profiler_run_at|time_ms|memory_bandwidth_gbps|energy_j,0.0156543943,0.0151805,-0.03027228591016129,48864532,83c98169,8037.942419784329,8288.865320641613
elementwise,triton,NVIDIA B200,4dca7605f5d4265b,run_key|profiler_run_at|time_ms|memory_bandwidth_gbps|energy_j,0.00793973888,0.0077335120000000005,-0.02597401288844392,48864532,83c98169,7131.607834438001,7321.7839449916155
elementwise,triton,NVIDIA B200,4fc157668d714df6,run_key|profiler_run_at|time_ms|memory_bandwidth_gbps|energy_j,0.00186838916,0.003589856,0.9213641766151117,48864532,83c98169,2244.87707903422,1168.3766702619826
elementwise,triton,NVIDIA B200,50c4308cd8ff0e36,run_key|profiler_run_at|time_ms|memory_bandwidth_gbps|energy_j,0.01313572126,0.012877995,-0.019620259512114546,48864532,83c98169,6705.409033626221,6839.603835845565
elementwise,triton,NVIDIA B200,512191b7fc392c94,run_key|profiler_run_at|time_ms|memory_bandwidth_gbps|energy_j,0.01579652788,0.014903714,-0.056519628033600555,48864532,83c98169,7169.05695101397,7598.522623287054
elementwise,triton,NVIDIA B200,5412d37f20284c9d,run_key|profiler_run_at|time_ms|memory_bandwidth_gbps|energy_j,0.0185862758,0.017152419999999998,-0.07714594442852296,48864532,83c98169,6840.522618307428,7412.3558075187075
elementwise,triton,NVIDIA B200,556f440d0922710e,run_key|profiler_run_at|time_ms|memory_bandwidth_gbps,0.001733738,0.0023133050000000003,0.3342875336411846,6d60d963,83c98169,765.4582180237152,573.6831070697551
elementwise,triton,NVIDIA B200,559da084f1a8bdc3,run_key|profiler_run_at|time_ms|memory_bandwidth_gbps|energy_j,0.0026172165,0.0039404240000000005,0.5055781590861896,48864532,83c98169,4507.261818042182,2993.7082912904802
elementwise,triton,NVIDIA B200,565ace4e9e30f6e4,run_key|profiler_run_at|time_ms|memory_bandwidth_gbps,0.0027435835,0.003897984,0.4207637565978948,f8bd625a,83c98169,5923.97789241698,4169.572784290546
elementwise,triton,NVIDIA B200,5697df79dc60bcdc,run_key|profiler_run_at|time_ms|memory_bandwidth_gbps|energy_j,0.01623148532,0.015877671,-0.02179802482795823,48864532,83c98169,6718.541270257577,6868.25567805253
elementwise,triton,NVIDIA B200,56e37f87ee0cf014,run_key|profiler_run_at|time_ms|memory_bandwidth_gbps|energy_j,0.0032760831,0.003988999,0.2176122760744379,48864532,83c98169,4801.050376286242,3943.0042474314987
elementwise,triton,NVIDIA B200,57a63a319365beb3,run_key|profiler_run_at|time_ms|memory_bandwidth_gbps|energy_j,0.0017551079999999998,0.0022659693,0.2910711477584287,48864532,83c98169,2464.4500509370364,1908.841395159237
elementwise,triton,NVIDIA B200,5b20ffb63b2875aa,run_key|profiler_run_at|time_ms|memory_bandwidth_gbps|energy_j,0.00300123342,0.003791451,0.26329760782152034,48864532,83c98169,4716.652795369712,3733.603836631411
elementwise,triton,NVIDIA B200,5bd51017b2a85ebb,run_key|profiler_run_at|time_ms|memory_bandwidth_gbps,0.0018260099999999999,0.0023075549999999998,0.26371432796096395,f8bd625a,83c98169,717.8054884693952,568.0124634082395
elementwise,triton,NVIDIA B200,5c2afe5af7314eae,run_key|profiler_run_at|time_ms|memory_bandwidth_gbps,0.0054191890000000005,0.006037435999999999,0.1140847827968352,4f2496d3,83c98169,7255.993470609716,6512.9634500473385
elementwise,triton,NVIDIA B200,5c4b6c3de5c02631,run_key|profiler_run_at|time_ms|memory_bandwidth_gbps,0.00404713,0.005001107,0.23571691544378348,f8bd625a,83c98169,7513.646460578237,6080.394600635419
elementwise,triton,NVIDIA B200,5d456b9df391d53d,run_key|profiler_run_at|time_ms|memory_bandwidth_gbps|energy_j,0.0043809765599999995,0.004520425000000001,0.0318304464975272,48864532,83c98169,5265.6460686473065,5103.208658477907
elementwise,triton,NVIDIA B200,5d7b8780d823372d,run_key|profiler_run_at|time_ms|memory_bandwidth_gbps,0.45067299099099095,0.4518483333333333,0.0026079715577316254,b37c39f3,d7d132a0,298.10705918847856,297.33162676266744
elementwise,triton,NVIDIA B200,5e25efc78ac284f0,run_key|profiler_run_at|time_ms|memory_bandwidth_gbps|energy_j,0.01097282004,0.011507702,0.0487460796814454,48864532,83c98169,6880.407381583194,6560.603672218832
elementwise,triton,NVIDIA B200,5ee726fa07752a37,run_key|profiler_run_at|time_ms|memory_bandwidth_gbps,0.017602127,0.016802325,-0.045437804192640985,f8bd625a,83c98169,7148.517903546543,7488.792176082776
elementwise,triton,NVIDIA B200,5f38e24a3a8b2151,run_key|profiler_run_at|time_ms|memory_bandwidth_gbps,0.0018206770000000001,0.002253509,0.23773134938267448,f8bd625a,83c98169,1439.8160684185057,1163.270259848086
elementwise,triton,NVIDIA B200,5fb6297486e91fc6,run_key|profiler_run_at|time_ms|memory_bandwidth_gbps,0.015102042,0.0148867,-0.014259131314824813,4f2496d3,83c98169,7030.063881427426,7131.756534356171
elementwise,triton,NVIDIA B200,5fb6bb42ee5e8617,run_key|profiler_run_at|time_ms|memory_bandwidth_gbps,0.003700275,0.003819235,0.03214896190148031,f8bd625a,83c98169,4817.423569869807,4667.372392638841
elementwise,triton,NVIDIA B200,600a2bede29db133,run_key|profiler_run_at|time_ms|memory_bandwidth_gbps|energy_j,0.10560480762106378,0.10528842360379347,-0.002995924375011172,b0243fc3,83c98169,7149.056345133798,7170.5387369176915
elementwise,triton,NVIDIA B200,60ff33601c219103,run_key|profiler_run_at|time_ms|memory_bandwidth_gbps|energy_j,0.023704820140000003,0.025814717,0.08900708157830373,48864532,83c98169,7962.248980810026,7311.475853095735
elementwise,triton,NVIDIA B200,60ff5c60f48c796a,run_key|profiler_run_at|time_ms|memory_bandwidth_gbps|energy_j,0.0022145779400000003,0.003570241,0.6121541425631647,509bf5db,83c98169,2397.032817910215,1486.8508876571636
elementwise,triton,NVIDIA B200,611678d2466a5eed,run_key|profiler_run_at|time_ms|memory_bandwidth_gbps|energy_j,0.03318632398,0.032586134,-0.018085461359375277,b0243fc3,83c98169,7109.241750975034,7240.183815606969
elementwise,triton,NVIDIA B200,61722170b95219f7,run_key|profiler_run_at|time_ms|memory_bandwidth_gbps|energy_j,0.0037420521600000003,0.0044371359999999995,0.18574937234439814,48864532,83c98169,6068.3878869288665,5117.766054500021
elementwise,triton,NVIDIA B200,61d5538ca9e8a687,run_key|profiler_run_at|time_ms|memory_bandwidth_gbps|energy_j,0.00375736296,0.004125605,0.09800544794852617,48864532,83c98169,2590.139974126961,2358.9500206636358
elementwise,triton,NVIDIA B200,626af4f7ba48a0e6,run_key|profiler_run_at|time_ms|memory_bandwidth_gbps|energy_j,0.00256347392,0.0028196249999999996,0.09992341954467787,48864532,83c98169,2761.0532507387475,2510.223167974465
elementwise,triton,NVIDIA B200,62872fcc79719175,run_key|profiler_run_at|time_ms|memory_bandwidth_gbps|energy_j,0.00242156656,0.003596612,0.4852418510437311,48864532,83c98169,5845.710059689625,3935.864085422614
elementwise,triton,NVIDIA B200,6486e31d0b7b684d,run_key|profiler_run_at|time_ms|memory_bandwidth_gbps,0.008828627,0.008348565,-0.05437561242535216,4f2496d3,83c98169,6012.73108491275,6358.477175418769
elementwise,triton,NVIDIA B200,653f56d8f00dbf8e,run_key|profiler_run_at|time_ms|memory_bandwidth_gbps|energy_j,0.0018051249,0.002255016,0.24922990093372466,48864532,83c98169,1161.7766726280272,929.9942882888636
elementwise,triton,NVIDIA B200,671f1df3654479e6,run_key|profiler_run_at|time_ms|memory_bandwidth_gbps,0.011180313999999998,0.009804512000000001,-0.12305575675244873,6d60d963,83c98169,6565.139404850348,7486.381780143671
elementwise,triton,NVIDIA B200,6755b059625a5443,run_key|profiler_run_at|time_ms|memory_bandwidth_gbps|energy_j,0.0193065766,0.022718421,0.1767192843499763,b0243fc3,83c98169,8146.778336662752,6923.298058434606
elementwise,triton,NVIDIA B200,67bc321c691bb86c,run_key|profiler_run_at|time_ms|memory_bandwidth_gbps|energy_j,0.00426126634,0.005075217999999999,0.1910116840995204,48864532,83c98169,5594.280689810157,4697.082962741699
elementwise,triton,NVIDIA B200,6825eae0a842501b,run_key|profiler_run_at|time_ms|memory_bandwidth_gbps|energy_j,0.00460677156,0.005448730999999999,0.18276561558003523,48864532,83c98169,6145.638356767141,5195.990038781508
elementwise,triton,NVIDIA B200,6ac7bdd69d7a53cd,run_key|profiler_run_at|time_ms|memory_bandwidth_gbps|energy_j,0.010285588319999999,0.009845653999999999,-0.04277191603562058,48864532,83c98169,6116.768243355088,6390.084396628198
elementwise,triton,NVIDIA B200,6ae03bb68151092b,run_key|profiler_run_at|time_ms|memory_bandwidth_gbps|energy_j,0.00390200108,0.005348189,0.37062724749425224,48864532,83c98169,6986.921695060115,5097.608928929027
elementwise,triton,NVIDIA B200,6bb11a93bc1ed763,run_key|profiler_run_at|time_ms|memory_bandwidth_gbps|energy_j,0.00297576622,0.003553575,0.19417142923277075,48864532,83c98169,3204.380752732653,2683.3507102002914
elementwise,triton,NVIDIA B200,6bf577585d0a5d3e,run_key|profiler_run_at|time_ms|memory_bandwidth_gbps,0.0027537660000000004,0.0033359130000000002,0.21140031505944945,f8bd625a,83c98169,4378.957398704174,3614.7897142401494
elementwise,triton,NVIDIA B200,6c73bc3135db5756,run_key|profiler_run_at|time_ms|memory_bandwidth_gbps|energy_j,0.03036511858,0.029434124,-0.03066000146013592,48864532,83c98169,7735.224987881473,7979.888377177456
elementwise,triton,NVIDIA B200,6f09ac7203d24590,run_key|profiler_run_at|time_ms|memory_bandwidth_gbps,0.092765475,0.092088295,-0.007299914111365213,4f2496d3,83c98169,7234.25002674756,7287.44776955638
elementwise,triton,NVIDIA B200,709c887dd2b54247,run_key|profiler_run_at|time_ms|memory_bandwidth_gbps|energy_j,0.00323321356,0.0035814849999999997,0.10771680668071926,48864532,83c98169,2341.140744195073,2113.4830943030615
elementwise,triton,NVIDIA B200,712e230556495464,run_key|profiler_run_at|time_ms|memory_bandwidth_gbps,0.006515813,0.006799210000000001,0.043493728257701925,f8bd625a,83c98169,6034.795657886438,5783.2601140426605
elementwise,triton,NVIDIA B200,717d6bc0f843071f,run_key|profiler_run_at|time_ms|memory_bandwidth_gbps,0.015158562,0.013232467,-0.12706317393430855,6d60d963,83c98169,6779.03669226672,7765.781543229997
elementwise,triton,NVIDIA B200,717d7ca12199a4a3,run_key|profiler_run_at|time_ms|memory_bandwidth_gbps|energy_j,0.01634564832,0.017428699,0.06625926722495401,48864532,83c98169,8082.920506636717,7580.63329913495
elementwise,triton,NVIDIA B200,725d5e34a45e9af0,run_key|profiler_run_at|time_ms|memory_bandwidth_gbps|energy_j,0.06900170789809357,0.068255786,-0.010810194715690224,b0243fc3,83c98169,7294.261190510417,7373.9752993248085
elementwise,triton,NVIDIA B200,72663b65073769f1,run_key|profiler_run_at|time_ms|memory_bandwidth_gbps,0.006034276,0.006209317000000001,0.029007788175416716,f8bd625a,83c98169,4344.2494178257675,4221.784779227731
elementwise,triton,NVIDIA B200,7277524da76c97cb,run_key|profiler_run_at|time_ms|memory_bandwidth_gbps,0.012251053999999999,0.011975481,-0.022493819715430186,4f2496d3,83c98169,7959.932916792302,8143.102393966473
elementwise,triton,NVIDIA B200,729a63df4acf0470,run_key|profiler_run_at|time_ms|memory_bandwidth_gbps,0.003674165,0.005599375,0.5239857219259343,f8bd625a,83c98169,4280.874702143208,2808.9992186627974
elementwise,triton,NVIDIA B200,72c2fe0e420b944c,run_key|profiler_run_at|time_ms|memory_bandwidth_gbps|energy_j,0.00246154356,0.0037958569999999997,0.5420637122505358,48864532,83c98169,3407.86494145974,2209.937834855212
elementwise,triton,NVIDIA B200,73ce622bb12e0f27,run_key|profiler_run_at|time_ms|memory_bandwidth_gbps|energy_j,0.00625281246,0.004319723,-0.30915519574051,48864532,83c98169,3112.8699484455674,4505.888919266352
elementwise,triton,NVIDIA B200,740020b8f2b9b887,run_key|profiler_run_at|time_ms|memory_bandwidth_gbps|energy_j,0.003955913720000001,0.004899972,0.23864481048388453,48864532,83c98169,7421.832243601107,5991.897096554838
elementwise,triton,NVIDIA B200,747f707e4b64c88e,run_key|profiler_run_at|time_ms|memory_bandwidth_gbps|energy_j,0.00632327692,0.005118725,-0.19049488662913083,509bf5db,83c98169,3917.6851359532106,4839.605175116851
elementwise,triton,NVIDIA B200,75234a8aedb61494,run_key|profiler_run_at|time_ms|memory_bandwidth_gbps|energy_j,0.017430336379999998,0.017601539,0.00982210648535986,b0243fc3,83c98169,6858.023929885858,6791.318872741753
elementwise,triton,NVIDIA B200,762566e0a4ee7d13,run_key|profiler_run_at|time_ms|memory_bandwidth_gbps|energy_j,0.020771219,0.020006271000000003,-0.036827304165441554,48864532,83c98169,8077.145592658765,8385.978576417363
elementwise,triton,NVIDIA B200,77832a2c90326d4e,run_key|profiler_run_at|time_ms|memory_bandwidth_gbps|energy_j,0.014033809020000001,0.013510048,-0.03732137292545268,48864532,83c98169,6794.654242772358,7058.071148229821
elementwise,triton,NVIDIA B200,77b2dada054c54ce,run_key|profiler_run_at|time_ms|memory_bandwidth_gbps,0.035360557,0.03503912,-0.009090269703613596,f8bd625a,83c98169,7116.919566623342,7182.207772341313
elementwise,triton,NVIDIA B200,77e86a153e5b65df,run_key|profiler_run_at|time_ms|memory_bandwidth_gbps|energy_j,0.0018753196599999998,0.002491793,0.32872973773441916,48864532,83c98169,2883.092475018366,2169.8110557337627
elementwise,triton,NVIDIA B200,7810182cc8ee2f4d,run_key|profiler_run_at|time_ms|memory_bandwidth_gbps|energy_j,0.0019428547,0.002289514,0.17842780522907864,509bf5db,83c98169,505.97710678003864,429.36623230956445
elementwise,triton,NVIDIA B200,796863b7114c5751,run_key|profiler_run_at|time_ms|memory_bandwidth_gbps|energy_j,0.021030851120000003,0.020262305999999997,-0.036543700281779445,48864532,83c98169,8077.148710280061,8383.513307912734
elementwise,triton,NVIDIA B200,7ae93d75682f494a,run_key|profiler_run_at|time_ms|memory_bandwidth_gbps|energy_j,0.0034928942399999998,0.004561395,0.3059069890418442,48864532,83c98169,5628.79911302439,4310.260347985649
elementwise,triton,NVIDIA B200,7b16ad92b0daa8a8,run_key|profiler_run_at|time_ms|memory_bandwidth_gbps,0.001741309,0.002219632,0.2746916256678167,6d60d963,83c98169,1140.8428946269732,894.9952064125946
elementwise,triton,NVIDIA B200,7b85556c30e51cd0,run_key|profiler_run_at|time_ms|memory_bandwidth_gbps|energy_j,0.020486568320000002,0.017285813,-0.15623677279689963,b0243fc3,83c98169,7063.334656138251,8371.22835934879
elementwise,triton,NVIDIA B200,7c427079f386ab30,run_key|profiler_run_at|time_ms|memory_bandwidth_gbps,0.015581333000000001,0.01519322,-0.024908844448674583,f8bd625a,83c98169,5047.2703458683545,5176.203596077724
elementwise,triton,NVIDIA B200,7eb02c24ed9cf2cb,run_key|profiler_run_at|time_ms|memory_bandwidth_gbps,0.0026825630000000002,0.0036132110000000003,0.3469249370844225,4f2496d3,83c98169,5863.288206092456,4353.092028115711
elementwise,triton,NVIDIA B200,7f1ce402bb97c01e,run_key|profiler_run_at|time_ms|memory_bandwidth_gbps|energy_j,0.00190744518,0.002456071,0.28762337484320266,48864532,83c98169,1030.7399764956808,800.4980312051239
elementwise,triton,NVIDIA B200,7f5c712d33e8a08a,run_key|profiler_run_at|time_ms|memory_bandwidth_gbps,0.028879798999999998,0.029101334000000003,0.00767093288980325,6d60d963,83c98169,7153.866964240299,7099.407882813894
elementwise,triton,NVIDIA B200,7fcd9954e206e2df,run_key|profiler_run_at|time_ms|memory_bandwidth_gbps,0.09821512199999999,0.091981797,-0.06346604141060874,f8bd625a,83c98169,4270.527709572056,4559.928308423893
elementwise,triton,NVIDIA B200,8028fa410316e977,run_key|profiler_run_at|time_ms|memory_bandwidth_gbps|energy_j,0.00272210458,0.004522074,0.6612418322296787,48864532,83c98169,2889.058729698034,1739.095821961339
elementwise,triton,NVIDIA B200,808c8e3de8fb0833,run_key|profiler_run_at|time_ms|memory_bandwidth_gbps|energy_j,0.00908846598,0.009043661,-0.004929872664825696,48864532,83c98169,7383.959421499644,7420.5417474184405
elementwise,triton,NVIDIA B200,828cee3946823817,run_key|profiler_run_at|time_ms|memory_bandwidth_gbps|energy_j,0.00616389862,0.004243252,-0.3115960755370113,48864532,83c98169,3062.082808883057,4448.09028546973
elementwise,triton,NVIDIA B200,82ae4d8ba28f4ee1,run_key|profiler_run_at|time_ms|memory_bandwidth_gbps|energy_j,0.00220576362,0.003347507,0.5176181933764961,48864532,83c98169,3089.9702661702254,2036.0656452697485
elementwise,triton,NVIDIA B200,83dfa237a604f674,run_key|profiler_run_at|time_ms|memory_bandwidth_gbps|energy_j,0.00214646062,0.002566189,0.19554441208429907,48864532,83c98169,2221.21195962123,1857.9083613872556
elementwise,triton,NVIDIA B200,856b864040f3f858,run_key|profiler_run_at|time_ms|memory_bandwidth_gbps,0.023017595,0.022198332,-0.035592901864855864,6d60d963,83c98169,6904.491976681317,7159.312690701265
elementwise,triton,NVIDIA B200,85af3132c9a58ce6,run_key|profiler_run_at|time_ms|memory_bandwidth_gbps,0.004810742000000001,0.005885111,0.22332708758856734,f8bd625a,83c98169,5449.138615207384,4454.359484468518
elementwise,triton,NVIDIA B200,862c84cf3b876c51,run_key|profiler_run_at|time_ms|memory_bandwidth_gbps,0.02264463,0.021693233,-0.04201424355354888,f8bd625a,83c98169,6945.858687026461,7250.482212586755
elementwise,triton,NVIDIA B200,86b9e013fc55657b,run_key|profiler_run_at|time_ms|memory_bandwidth_gbps|energy_j,0.00991156606,0.009904437,-0.0007192667593439728,48864532,83c98169,4760.692681091811,4764.119353780532
elementwise,triton,NVIDIA B200,87e61907faa76848,run_key|profiler_run_at|time_ms|memory_bandwidth_gbps|energy_j,0.0069010699,0.0062090389999999995,-0.10027878430850268,48864532,83c98169,6077.75904428964,6755.158084850168
elementwise,triton,NVIDIA B200,87ef347316c8e8d8,run_key|profiler_run_at|time_ms|memory_bandwidth_gbps,0.020756722,0.020012802,-0.03583995584659272,f8bd625a,83c98169,5051.74179236972,5239.526179292636
elementwise,triton,NVIDIA B200,87f8219a3c673698,run_key|profiler_run_at|time_ms|memory_bandwidth_gbps|energy_j,0.00189135,0.002388121,0.2626541888069369,48864532,83c98169,2079.0229201364104,1646.5497351264867
elementwise,triton,NVIDIA B200,8820a32c5eaf0aa1,run_key|profiler_run_at|time_ms|memory_bandwidth_gbps,0.026187987,0.024931711,-0.04797146111306683,6d60d963,83c98169,7847.907363021069,8243.353053466728
elementwise,triton,NVIDIA B200,8841b85775cf7e33,run_key|profiler_run_at|time_ms|memory_bandwidth_gbps|energy_j,0.11217840789031897,0.11136806451612903,-0.007223701864107701,b0243fc3,83c98169,7178.800119782215,7231.03496050585
elementwise,triton,NVIDIA B200,886b74bdfbdbef08,run_key|profiler_run_at|time_ms|memory_bandwidth_gbps|energy_j,0.0065250564399999995,0.006865831,0.05222553446602851,48864532,83c98169,5965.984257448048,5669.872153858724
elementwise,triton,NVIDIA B200,88a3ebcdbcc18c42,run_key|profiler_run_at|time_ms|memory_bandwidth_gbps|energy_j,0.00220182698,0.004046964,0.8380027298966062,48864532,83c98169,4286.06974377251,2331.916962938143
elementwise,triton,NVIDIA B200,89e4e682bac10ccc,run_key|profiler_run_at|time_ms|memory_bandwidth_gbps,0.004534181,0.004927006,0.08663637380157518,f8bd625a,83c98169,5318.986604195994,4894.909403398331
elementwise,triton,NVIDIA B200,8aa0f887765c75e2,run_key|profiler_run_at|time_ms|memory_bandwidth_gbps,0.011283234999999999,0.010744654000000001,-0.04773285321098053,6d60d963,83c98169,6338.267349744998,6655.976078894676
elementwise,triton,NVIDIA B200,8b5b99614bbc357b,run_key|profiler_run_at|time_ms|memory_bandwidth_gbps|energy_j,0.00957865868,0.009623936999999999,0.00472700004380977,48864532,83c98169,6349.261418718806,6319.389663502577
elementwise,triton,NVIDIA B200,8bcc711c9e1fc4f6,run_key|profiler_run_at|time_ms|memory_bandwidth_gbps|energy_j,0.040180512490719744,0.039238113,-0.023454143123172178,48864532,83c98169,7515.8296716536115,7696.34074910789
elementwise,triton,NVIDIA B200,8cd2c071a91238a7,run_key|profiler_run_at|time_ms|memory_bandwidth_gbps,0.001910857,0.002498471,0.3075133304061999,f8bd625a,83c98169,2880.918875666782,2203.357173247158
elementwise,triton,NVIDIA B200,8e6b7e4a622770be,run_key|profiler_run_at|time_ms|memory_bandwidth_gbps,0.0038521930000000003,0.004729428999999999,0.22772379265524845,f8bd625a,83c98169,6805.058832722036,5542.825571543627
elementwise,triton,NVIDIA B200,8ed5a651ac42d7b6,run_key|profiler_run_at|time_ms|memory_bandwidth_gbps|energy_j,0.00873851738,0.00891554,0.020257740793095502,48864532,83c98169,4546.675170656925,4456.3986028888885
elementwise,triton,NVIDIA B200,900bb6f425b3f55d,run_key|profiler_run_at|time_ms|memory_bandwidth_gbps|energy_j,0.012659089699999999,0.012225798,-0.034227713861605724,48864532,83c98169,7951.858971344521,8233.678979482567
elementwise,triton,NVIDIA B200,901deb8954b99b37,run_key|profiler_run_at|time_ms|memory_bandwidth_gbps|energy_j,0.00850085104,0.008462697,-0.004488261212962086,48864532,83c98169,6105.801849222851,6133.329835630415
elementwise,triton,NVIDIA B200,908c280dab2386e5,run_key|profiler_run_at|time_ms|memory_bandwidth_gbps|energy_j,0.022674307039999998,0.021930261000000003,-0.0328144996311206,b0243fc3,83c98169,8046.65049644666,8319.655839937335
elementwise,triton,NVIDIA B200,911b314f96498cf3,run_key|profiler_run_at|time_ms|memory_bandwidth_gbps|energy_j,0.00217344642,0.0022397330000000003,0.030498373178208027,48864532,83c98169,844.2849030527285,819.2976573546936
elementwise,triton,NVIDIA B200,924799adf5f314e1,run_key|profiler_run_at|time_ms|memory_bandwidth_gbps|energy_j,0.024592829019999998,0.023457343999999998,-0.04617138675166543,b0243fc3,83c98169,7930.569347730943,8314.459471626456
elementwise,triton,NVIDIA B200,93c19765b2c37d93,run_key|profiler_run_at|time_ms|memory_bandwidth_gbps|energy_j,0.0025018166,0.003863933,0.5444509401688358,48864532,83c98169,3457.7882327585485,2238.846273990776
elementwise,triton,NVIDIA B200,94d29b0cde593373,run_key|profiler_run_at|time_ms|memory_bandwidth_gbps|energy_j,0.07359087008874324,0.07290980500000001,-0.009254749779720406,48864532,83c98169,7295.346710163738,7363.494004681536
elementwise,triton,NVIDIA B200,95d366f090f87e75,run_key|profiler_run_at|time_ms|memory_bandwidth_gbps|energy_j,0.0022139957799999998,0.0045215509999999995,1.0422581835273417,48864532,83c98169,3589.0944652116727,1757.4146570502025
elementwise,triton,NVIDIA B200,96edb98c343195af,run_key|profiler_run_at|time_ms|memory_bandwidth_gbps,0.14088083263009846,0.14005955104895104,-0.00582961901782475,f8bd625a,83c98169,4465.799841287893,4491.986410695495
elementwise,triton,NVIDIA B200,9b514696728423aa,run_key|profiler_run_at|time_ms|memory_bandwidth_gbps,0.0026260880000000004,0.003592442,0.36798233722556106,f8bd625a,83c98169,5789.734388185011,4232.316624736043
elementwise,triton,NVIDIA B200,9bfc903bf7efa746,run_key|profiler_run_at|time_ms|memory_bandwidth_gbps,0.008643049,0.00865516,0.001401241622024818,4f2496d3,83c98169,6187.327643288845,6178.669833948766
elementwise,triton,NVIDIA B200,9cbdf7ca0e662f83,run_key|profiler_run_at|time_ms|memory_bandwidth_gbps|energy_j,0.0291409282,0.028127074000000002,-0.034791417522520685,48864532,83c98169,7772.31303153892,8052.469872977188
elementwise,triton,NVIDIA B200,9d10f1e02dd8c43f,run_key|profiler_run_at|time_ms|memory_bandwidth_gbps|energy_j,0.00820947906,0.007892999999999999,-0.03855044366237792,48864532,83c98169,7152.738385814215,7439.5357912074005
elementwise,triton,NVIDIA B200,9d42481747ed4e33,run_key|profiler_run_at|time_ms|memory_bandwidth_gbps,0.032823907,0.036377134,0.10825119020718654,f8bd625a,83c98169,4791.8244467363365,4323.771081031287
elementwise,triton,NVIDIA B200,9d9525204879a5b9,run_key|profiler_run_at|time_ms|memory_bandwidth_gbps|energy_j,0.0166301534,0.016302343,-0.019711808551327037,48864532,83c98169,7093.428254245689,7236.064165745991
elementwise,triton,NVIDIA B200,9dca4f6576692744,run_key|profiler_run_at|time_ms|memory_bandwidth_gbps|energy_j,0.00237072396,0.003385811,0.4281759737223898,48864532,83c98169,5473.487516446242,3832.502168608939
elementwise,triton,NVIDIA B200,9e79e97fef1cbd41,run_key|profiler_run_at|time_ms|memory_bandwidth_gbps|energy_j,0.0367745941,0.034415566,-0.064148311021059,48864532,83c98169,6914.547562606544,7388.507862982698
elementwise,triton,NVIDIA B200,a04bb95899a544a0,run_key|profiler_run_at|time_ms|memory_bandwidth_gbps|energy_j,0.00764139812,0.008033613,0.051327633221130986,48864532,83c98169,4631.27813055237,4405.171122880825
elementwise,triton,NVIDIA B200,a06c1653ff862f8c,run_key|profiler_run_at|time_ms|memory_bandwidth_gbps|energy_j,0.04377324360708675,0.042914572,-0.019616357763986625,b0243fc3,83c98169,7473.874107584627,7623.417798504433
elementwise,triton,NVIDIA B200,a1b00a738a63058c,run_key|profiler_run_at|time_ms|memory_bandwidth_gbps,0.010822672,0.01070225,-0.01112682709038948,f8bd625a,83c98169,4844.3489740795985,4898.857716835244
elementwise,triton,NVIDIA B200,a3584f6914a62979,run_key|profiler_run_at|time_ms|memory_bandwidth_gbps,0.020200983999999998,0.020011332,-0.00938825554240319,6d60d963,83c98169,7080.463011108766,7147.566188997314
elementwise,triton,NVIDIA B200,a380fc1dced3a5bf,run_key|profiler_run_at|time_ms|memory_bandwidth_gbps|energy_j,0.028953053759999996,0.029033683,0.002784826798180262,48864532,83c98169,6953.552936724835,6934.2422730178605
elementwise,triton,NVIDIA B200,a4839ffb2072fe82,run_key|profiler_run_at|time_ms|memory_bandwidth_gbps|energy_j,0.01462267194,0.015188241,0.038677545548491565,48864532,83c98169,7170.891915667226,6903.8672746896755
elementwise,triton,NVIDIA B200,a69c2fad257145bd,run_key|profiler_run_at|time_ms|memory_bandwidth_gbps|energy_j,0.0016782111399999999,0.0022274169999999998,0.3272567121679337,48864532,83c98169,390.5110533350411,294.22420678301376
elementwise,triton,NVIDIA B200,a6f524b7b9062f8b,run_key|profiler_run_at|time_ms|memory_bandwidth_gbps,0.06338266099999999,0.062753759,-0.009922303514520947,6d60d963,83c98169,7020.680939855145,7091.040394886942
elementwise,triton,NVIDIA B200,a775b5b522d63824,run_key|profiler_run_at|time_ms|memory_bandwidth_gbps|energy_j,0.0041310303199999995,0.0041837,0.012749768440334375,48864532,83c98169,5076.583412730798,5012.672992805411
elementwise,triton,NVIDIA B200,a9a52b8ebad00f8a,run_key|profiler_run_at|time_ms|memory_bandwidth_gbps|energy_j,0.09755572163189706,0.097130306,-0.004360745067339744,b0243fc3,83c98169,7222.980469139477,7254.616000077257
elementwise,triton,NVIDIA B200,aa6a323325977949,run_key|profiler_run_at|time_ms|memory_bandwidth_gbps|energy_j,0.011898492100000001,0.009117635999999998,-0.23371500158410852,48864532,83c98169,4957.1323411644735,6469.04526568071
elementwise,triton,NVIDIA B200,ab221891908d09fa,run_key|profiler_run_at|time_ms|memory_bandwidth_gbps|energy_j,0.025964774779999998,0.026269262,0.011726934763730101,48864532,83c98169,7269.220765411161,7184.963171024751
elementwise,triton,NVIDIA B200,abf7c8d1b8e45fef,run_key|profiler_run_at|time_ms|memory_bandwidth_gbps,0.006251564,0.006817358999999999,0.09050455214087205,4f2496d3,83c98169,6226.983199724101,5710.18542517711
elementwise,triton,NVIDIA B200,acb0d790b8b28aeb,run_key|profiler_run_at|time_ms|memory_bandwidth_gbps|energy_j,0.0202152016,0.019454025,-0.037653673461262915,48864532,83c98169,7002.540108232213,7276.528122072425
elementwise,triton,NVIDIA B200,ad1031b803ef1e66,run_key|profiler_run_at|time_ms|memory_bandwidth_gbps|energy_j,0.013777340059999999,0.013711843,-0.004753969903824706,48864532,83c98169,6697.569167788983,6729.5612996735745
elementwise,triton,NVIDIA B200,ae8add78d9d18538,run_key|profiler_run_at|time_ms|memory_bandwidth_gbps|energy_j,0.0068640318,0.007314983,0.06569771427923743,48864532,83c98169,4582.915830896937,4300.390035082789
elementwise,triton,NVIDIA B200,aefa88fa23f01877,run_key|profiler_run_at|time_ms|memory_bandwidth_gbps,0.18872952919020716,0.1879017041198502,-0.004386303902250921,6d60d963,83c98169,7111.6442973124485,7142.975558880047
elementwise,triton,NVIDIA B200,af2864143cebafec,run_key|profiler_run_at|time_ms|memory_bandwidth_gbps,0.013309284999999999,0.01141568,-0.14227698933488908,6d60d963,83c98169,6696.750426487974,7807.59096260582
elementwise,triton,NVIDIA B200,af90a16cb06174ac,run_key|profiler_run_at|time_ms|memory_bandwidth_gbps,0.0056829770000000005,0.00623323,0.0968247803923894,4f2496d3,83c98169,7195.958033967056,6560.717958426048
elementwise,triton,NVIDIA B200,afa93d9a8963c300,run_key|profiler_run_at|time_ms|memory_bandwidth_gbps,0.093324498,0.09273949899999999,-0.006268439825950267,6d60d963,83c98169,7235.8593774594965,7281.5030411152
elementwise,triton,NVIDIA B200,b034fd436e1cecd0,run_key|profiler_run_at|time_ms|memory_bandwidth_gbps|energy_j,0.042019523513139694,0.041072042,-0.022548602028850007,b0243fc3,83c98169,7486.34857560038,7659.049433188638
elementwise,triton,NVIDIA B200,b18638326ceed9d5,run_key|profiler_run_at|time_ms|memory_bandwidth_gbps,0.0031113539999999998,0.00410344,0.3188598918670136,4f2496d3,83c98169,5118.430111134894,3880.9506170432614
elementwise,triton,NVIDIA B200,b224f071a6fe983e,run_key|profiler_run_at|time_ms|memory_bandwidth_gbps|energy_j,0.00180666876,0.0024812479999999997,0.3733829105452622,48864532,83c98169,1958.8228226185745,1426.2758095925924
elementwise,triton,NVIDIA B200,b49cef950f65d720,run_key|profiler_run_at|time_ms|memory_bandwidth_gbps|energy_j,0.08330007657432825,0.08248320099999999,-0.00980642044907809,48864532,83c98169,7250.650909799246,7322.458011783516
elementwise,triton,NVIDIA B200,b63c597573725917,run_key|profiler_run_at|time_ms|memory_bandwidth_gbps|energy_j,0.00188665268,0.002652974,0.4061803892807656,48864532,83c98169,2501.0390359713692,1778.604690434207
elementwise,triton,NVIDIA B200,b785e75080abef17,run_key|profiler_run_at|time_ms|memory_bandwidth_gbps|energy_j,0.0028472143799999996,0.003813973,0.33954542615087546,48864532,83c98169,6076.642532270436,4536.346743933425
elementwise,triton,NVIDIA B200,b82b6688921d630e,run_key|profiler_run_at|time_ms|memory_bandwidth_gbps|energy_j,0.01216412176,0.011592179,-0.0470188289203709,48864532,83c98169,6532.522574815133,6854.828587446761
elementwise,triton,NVIDIA B200,b82c6227e50ee3f9,run_key|profiler_run_at|time_ms|memory_bandwidth_gbps|energy_j,0.0016659229400000002,0.0019690771999999997,0.1819737592424291,48864532,83c98169,324.54802501248946,274.58141305988414
elementwise,triton,NVIDIA B200,b86b1c706de73875,run_key|profiler_run_at|time_ms|memory_bandwidth_gbps|energy_j,0.010582082100000001,0.01208855,0.1423602544153384,b0243fc3,83c98169,7729.001459930083,6765.81790206435
elementwise,triton,NVIDIA B200,b8b9f7f34ab2dbb6,run_key|profiler_run_at|time_ms|memory_bandwidth_gbps|energy_j,0.020034152899999998,0.019466178,-0.02835033269612297,b0243fc3,83c98169,8164.949964018694,8403.182997710182
elementwise,triton,NVIDIA B200,b90f1935194c0e28,run_key|profiler_run_at|time_ms|memory_bandwidth_gbps|energy_j,0.013984847299999999,0.013783604,-0.014390096343776193,48864532,83c98169,6748.14947747052,6846.673772693992
elementwise,triton,NVIDIA B200,b95a59ae22919546,run_key|profiler_run_at|time_ms|memory_bandwidth_gbps,0.002677283,0.004188018000000001,0.5642791591325986,f8bd625a,83c98169,3720.7392718662913,2378.5647530645756
elementwise,triton,NVIDIA B200,bab9a87e5713f88f,run_key|profiler_run_at|time_ms|memory_bandwidth_gbps,0.017342496,0.016729022,-0.035374031511957615,6d60d963,83c98169,6872.9207145269065,7124.959247468263
elementwise,triton,NVIDIA B200,bc1578dae0106de2,run_key|profiler_run_at|time_ms|memory_bandwidth_gbps,0.009330591999999999,0.011636341,0.24711711754195242,6d60d963,83c98169,5961.430957435499,4780.16929892309
elementwise,triton,NVIDIA B200,bd5f36c5977fcc61,run_key|profiler_run_at|time_ms|memory_bandwidth_gbps,0.001692564,0.002283545,0.34916316310638784,4f2496d3,83c98169,522.719377228867,387.4397044945469
elementwise,triton,NVIDIA B200,bff7ac22dc1bef5a,run_key|profiler_run_at|time_ms|memory_bandwidth_gbps,0.004062469,0.005911988,0.4552696894425532,4f2496d3,83c98169,5662.353608113686,3890.930766435926
elementwise,triton,NVIDIA B200,c077fc1fbb5e1829,run_key|profiler_run_at|time_ms|memory_bandwidth_gbps|energy_j,0.0030713004,0.0036415410000000003,0.18566747817960105,48864532,83c98169,4139.60939802567,3491.3746680320223
elementwise,triton,NVIDIA B200,c0efc029e0a218f3,run_key|profiler_run_at|time_ms|memory_bandwidth_gbps|energy_j,0.006432233559999999,0.006682187,0.038859509324160824,48864532,83c98169,5868.682417682607,5649.158875679474
elementwise,triton,NVIDIA B200,c20853efa552c663,run_key|profiler_run_at|time_ms|memory_bandwidth_gbps|energy_j,0.00693405476,0.007869269,0.13487263547367778,48864532,83c98169,6804.95346996654,5996.226587247177
elementwise,triton,NVIDIA B200,c25841c1f95fef0f,run_key|profiler_run_at|time_ms|memory_bandwidth_gbps,0.004110816,0.005853576,0.42394502697274716,6d60d963,83c98169,7588.550788943119,5329.244209010014
elementwise,triton,NVIDIA B200,c3763e4b0e5bc69e,run_key|profiler_run_at|time_ms|memory_bandwidth_gbps|energy_j,0.0058328714,0.0060813889999999995,0.042606391082100625,48864532,83c98169,5662.758825781758,5431.3486606431525
elementwise,triton,NVIDIA B200,c3fcac6c487701ad,run_key|profiler_run_at|time_ms|memory_bandwidth_gbps,0.013111167,0.012529947,-0.0443301500163944,6d60d963,83c98169,6666.732259607401,6975.978429916742
elementwise,triton,NVIDIA B200,c5253df62cba3275,run_key|profiler_run_at|time_ms|memory_bandwidth_gbps|energy_j,0.014088490099999998,0.013771466999999999,-0.02250227652145631,48864532,83c98169,8038.2075862054235,8223.249418526
elementwise,triton,NVIDIA B200,c56c403c844b8fa7,run_key|profiler_run_at|time_ms|memory_bandwidth_gbps|energy_j,0.00189148182,0.002385597,0.26123178915883005,48864532,83c98169,1385.9186867574547,1098.8612074881046
elementwise,triton,NVIDIA B200,c85e968629a41afe,run_key|profiler_run_at|time_ms|memory_bandwidth_gbps,0.0064134330000000005,0.006522722,0.017040639545154557,6d60d963,83c98169,6948.615507482497,6832.190609993803
elementwise,triton,NVIDIA B200,c88b8ebd52a37896,run_key|profiler_run_at|time_ms|memory_bandwidth_gbps|energy_j,0.00158877004,0.002240653,0.4103066797508341,48864532,83c98169,170.1542660006353,120.65054249810211
elementwise,triton,NVIDIA B200,c8d6879dde0c4ad2,run_key|profiler_run_at|time_ms|memory_bandwidth_gbps|energy_j,0.00393859548,0.006085375,0.5450622007010477,48864532,83c98169,5990.196281848167,3876.993611733049
elementwise,triton,NVIDIA B200,c9962b3059160b9d,run_key|profiler_run_at|time_ms|memory_bandwidth_gbps,0.008795163,0.009332069,0.06104559972339341,f8bd625a,83c98169,4768.875801392196,4494.505987900433
elementwise,triton,NVIDIA B200,c9b76fcf583c722a,run_key|profiler_run_at|time_ms|memory_bandwidth_gbps|energy_j,0.005634630660000001,0.00544529,-0.03360302944860638,48864532,83c98169,5757.310808371599,5957.500886086875
elementwise,triton,NVIDIA B200,ca84a7aec2b80ac1,run_key|profiler_run_at|time_ms|memory_bandwidth_gbps,0.0015165552999999998,0.002217095,0.46192822642207654,f8bd625a,83c98169,151.2480290036242,103.45790324726725
elementwise,triton,NVIDIA B200,cd531c3dbc1d805a,run_key|profiler_run_at|time_ms|memory_bandwidth_gbps|energy_j,0.017352711179999997,0.017029133999999998,-0.018647067691240138,48864532,83c98169,6767.848019931143,6896.446525113961
elementwise,triton,NVIDIA B200,ce08720cb84c62be,run_key|profiler_run_at|time_ms|memory_bandwidth_gbps|energy_j,0.00172274146,0.002136021,0.23989643808769778,48864532,83c98169,1255.3758356753078,1012.4844278216366
elementwise,triton,NVIDIA B200,cf927067515117ff,run_key|profiler_run_at|time_ms|memory_bandwidth_gbps,0.002610306,0.0032208830000000003,0.23391012394715416,4f2496d3,83c98169,4217.914681267254,3418.3321778530913
elementwise,triton,NVIDIA B200,d06eb893ef8f2b49,run_key|profiler_run_at|time_ms|memory_bandwidth_gbps,0.002770861,0.0035985130000000002,0.29869849119100533,6d60d963,83c98169,5629.141266920282,4334.448145664612
elementwise,triton,NVIDIA B200,d14bdcbd3eb0d7e2,run_key|profiler_run_at|time_ms|memory_bandwidth_gbps|energy_j,0.00461170564,0.005297871,0.14878776174448127,48864532,83c98169,5513.788169706339,4799.657824813024
elementwise,triton,NVIDIA B200,d1aee680c4d8539d,run_key|profiler_run_at|time_ms|memory_bandwidth_gbps|energy_j,0.00333027854,0.00351641,0.05589065832313245,48864532,83c98169,4408.058912693832,4174.730477959055
elementwise,triton,NVIDIA B200,d22b79983f8c802b,run_key|profiler_run_at|time_ms|memory_bandwidth_gbps,0.004463995,0.005374253000000001,0.20391107068892333,4f2496d3,83c98169,5945.81311134981,4938.747766433771
elementwise,triton,NVIDIA B200,d55394ed904a1a54,run_key|profiler_run_at|time_ms|memory_bandwidth_gbps|energy_j,0.00192701188,0.002471604,0.2826096328996166,48864532,83c98169,2720.730502190781,2121.2459601133514
elementwise,triton,NVIDIA B200,d62cdca7d1840a41,run_key|profiler_run_at|time_ms|memory_bandwidth_gbps,0.002966271,0.003672724,0.23816198857083526,f8bd625a,83c98169,3534.997308067941,2855.036207458006
elementwise,triton,NVIDIA B200,d65b30720102ad0f,run_key|profiler_run_at|time_ms|memory_bandwidth_gbps|energy_j,0.0033131488,0.0036479159999999997,0.10104200571975519,48864532,83c98169,2373.669422876509,2155.839114716457
elementwise,triton,NVIDIA B200,d67a97615b582d2b,run_key|profiler_run_at|time_ms|memory_bandwidth_gbps,0.026769287,0.025711156,-0.03952779915281268,f8bd625a,83c98169,4896.357530927141,5097.864911247087
elementwise,triton,NVIDIA B200,d6fde96db7f0f007,run_key|profiler_run_at|time_ms|memory_bandwidth_gbps,0.002691271,0.003463668,0.2870008260037731,f8bd625a,83c98169,5065.074457384634,3935.564263087571
elementwise,triton,NVIDIA B200,d80b73e2659365b3,run_key|profiler_run_at|time_ms|memory_bandwidth_gbps|energy_j,0.0035426322600000002,0.003665374,0.03464704518893513,48864532,83c98169,4578.561591938984,4425.240098281922
elementwise,triton,NVIDIA B200,d82f3c91359ca79d,run_key|profiler_run_at|time_ms|memory_bandwidth_gbps|energy_j,0.051016473955016683,0.050146775,-0.01704741405263588,48864532,83c98169,7399.322821346807,7527.649784058895
elementwise,triton,NVIDIA B200,d8efd3ee1a44c332,run_key|profiler_run_at|time_ms|memory_bandwidth_gbps|energy_j,0.00589371664,0.006148747,0.04327156793883469,48864532,83c98169,5693.255045936515,5457.117035389487
elementwise,triton,NVIDIA B200,daba47aaa2f4e9f5,run_key|profiler_run_at|time_ms|memory_bandwidth_gbps,0.016161384,0.016381523999999998,0.013621358170810005,f8bd625a,83c98169,5190.52576190257,5120.773866949132
elementwise,triton,NVIDIA B200,dbf859ad10f1e528,run_key|profiler_run_at|time_ms|memory_bandwidth_gbps|energy_j,0.00836536012,0.0075106619999999995,-0.10217110892292347,48864532,83c98169,6267.369156607212,6980.583069774676
elementwise,triton,NVIDIA B200,dcc7ed13c1d5e4dc,run_key|profiler_run_at|time_ms|memory_bandwidth_gbps|energy_j,0.005628924580000001,0.007469943,0.32706397000614973,509bf5db,83c98169,5658.362542850057,4263.820486983635
elementwise,triton,NVIDIA B200,de0f398836fe15f7,run_key|profiler_run_at|time_ms|memory_bandwidth_gbps,0.07244431400000001,0.071691969,-0.010385149067737909,6d60d963,83c98169,7020.003805957773,7093.672653906327
elementwise,triton,NVIDIA B200,def3f548f3eabb17,run_key|profiler_run_at|time_ms|memory_bandwidth_gbps|energy_j,0.0015632074600000002,0.00204712,0.3095638630076649,48864532,83c98169,167.69623143942775,128.05502364297158
elementwise,triton,NVIDIA B200,dff007d25f5b2179,run_key|profiler_run_at|time_ms|memory_bandwidth_gbps,0.4531983619909502,0.45193312162162164,-0.002791802608840488,b37c39f3,d7d132a0,592.8918163330995,594.5516872847516
elementwise,triton,NVIDIA B200,e1f2de94c8d37468,run_key|profiler_run_at|time_ms|memory_bandwidth_gbps|energy_j,0.032838538279999996,0.036161251,0.10118333196406826,48864532,83c98169,7663.503102794016,6959.334454441302
elementwise,triton,NVIDIA B200,e4aad2088d4a5e75,run_key|profiler_run_at|time_ms|memory_bandwidth_gbps|energy_j,0.0094685515,0.009202403,-0.028108681671108915,48864532,83c98169,7475.153934580173,7691.347575193132
elementwise,triton,NVIDIA B200,e598e5676e6c8c2c,run_key|profiler_run_at|time_ms|memory_bandwidth_gbps|energy_j,0.00260606622,0.003958982000000001,0.5191409833016447,48864532,83c98169,6437.755062110432,4237.760111058852
elementwise,triton,NVIDIA B200,e68af82f76ebb679,run_key|profiler_run_at|time_ms|memory_bandwidth_gbps|energy_j,0.00192574082,0.0022055250000000003,0.14528651887848554,48864532,83c98169,1429.326299475752,1248.0076172339916
elementwise,triton,NVIDIA B200,e6b92872de61d89f,run_key|profiler_run_at|time_ms|memory_bandwidth_gbps|energy_j,0.05862964144910531,0.053770254,-0.08288277616917716,48864532,83c98169,6867.740856807585,7488.400259370171
elementwise,triton,NVIDIA B200,e791d0cdee4a7b2f,run_key|profiler_run_at|time_ms|memory_bandwidth_gbps|energy_j,0.0038111809199999997,0.005021772000000001,0.31764198693564016,509bf5db,83c98169,4642.844402149242,3523.6008325348103
elementwise,triton,NVIDIA B200,e7f84d90dc32cc98,run_key|profiler_run_at|time_ms|memory_bandwidth_gbps|energy_j,0.01078395966,0.010676455000000001,-0.009968941222838201,48864532,83c98169,6417.495816188912,6482.115646064165
elementwise,triton,NVIDIA B200,e81d2e6fe0d04005,run_key|profiler_run_at|time_ms|memory_bandwidth_gbps,0.003539604,0.003909842,0.10459870652197245,f8bd625a,83c98169,2518.048911686166,2279.6051605154375
elementwise,triton,NVIDIA B200,e9a5dca178db1118,run_key|profiler_run_at|time_ms|memory_bandwidth_gbps|energy_j,0.04497856736315282,0.044387929,-0.013131551264940478,48864532,83c98169,7460.093543906057,7559.3596628488785
elementwise,triton,NVIDIA B200,e9cbd35b501de109,run_key|profiler_run_at|time_ms|memory_bandwidth_gbps,0.026790776999999998,0.025695904999999998,-0.04086749704945103,4f2496d3,83c98169,7827.887933224185,8161.424943001618
elementwise,triton,NVIDIA B200,e9dcd4ed11cbd3af,run_key|profiler_run_at|time_ms|memory_bandwidth_gbps|energy_j,0.0112529178,0.010548914999999999,-0.06256180063805328,48864532,83c98169,6289.82467107331,6709.588616459609
elementwise,triton,NVIDIA B200,e9e0a0ce90b350ab,run_key|profiler_run_at|time_ms|memory_bandwidth_gbps,0.038996743,0.038022187,-0.02499070242866186,6d60d963,83c98169,7528.866705611799,7721.8409346101
elementwise,triton,NVIDIA B200,ea610ef5cefe18db,run_key|profiler_run_at|time_ms|memory_bandwidth_gbps,0.034265942,0.033530873999999995,-0.021451854439022977,6d60d963,83c98169,6956.972027793661,7109.483635887332
elementwise,triton,NVIDIA B200,eb516708d441990a,run_key|profiler_run_at|time_ms|memory_bandwidth_gbps,0.070794214,0.067175236,-0.05111968613706197,f8bd625a,83c98169,7109.57084713166,7492.58967992312
elementwise,triton,NVIDIA B200,ec438573d4aeea8a,run_key|profiler_run_at|time_ms|memory_bandwidth_gbps,0.057028305,0.056153432,-0.015341031089736945,f8bd625a,83c98169,4596.734902080641,4668.352238915691
elementwise,triton,NVIDIA B200,eceaab68dbd25ffc,run_key|profiler_run_at|time_ms|memory_bandwidth_gbps,0.081005934,0.080100424,-0.011178316887254236,6d60d963,83c98169,7248.883273168605,7330.829609591079
elementwise,triton,NVIDIA B200,ed2fea8d04fcfe36,run_key|profiler_run_at|time_ms|memory_bandwidth_gbps|energy_j,0.00205419434,0.0024700380000000004,0.20243637707618278,48864532,83c98169,1579.2235120266178,1313.35307392032
elementwise,triton,NVIDIA B200,ed30842a5ba2bc9e,run_key|profiler_run_at|time_ms|memory_bandwidth_gbps|energy_j,0.0040055405799999996,0.004342495,0.08412208371635077,48864532,83c98169,2617.8139480988607,2414.685566707619
elementwise,triton,NVIDIA B200,ed586154f9abf97a,run_key|profiler_run_at|time_ms|memory_bandwidth_gbps,0.068887079,0.068227838,-0.009569878844768676,f8bd625a,83c98169,4566.499328560585,4610.622426581947
elementwise,triton,NVIDIA B200,f037592d454de252,run_key|profiler_run_at|time_ms|memory_bandwidth_gbps|energy_j,0.01016523138,0.008792795999999999,-0.13501270445257707,48864532,83c98169,6395.4975120300705,7393.747335887243
elementwise,triton,NVIDIA B200,f0e66842158a907f,run_key|profiler_run_at|time_ms|memory_bandwidth_gbps,0.009730044,0.009814185999999999,0.008647648458732338,4f2496d3,83c98169,4728.269676889437,4687.731820040909
elementwise,triton,NVIDIA B200,f0ee30590304214b,run_key|profiler_run_at|time_ms|memory_bandwidth_gbps,0.002991741,0.003528641,0.1794607220344273,4f2496d3,83c98169,4140.1658766584405,3510.2193734074963
elementwise,triton,NVIDIA B200,f12bf6cf1beea518,run_key|profiler_run_at|time_ms|memory_bandwidth_gbps|energy_j,0.00316847074,0.003516258,0.10976502184773218,48864532,83c98169,2316.5850665232906,2087.455471128683
elementwise,triton,NVIDIA B200,f2334b2c555f0118,run_key|profiler_run_at|time_ms|memory_bandwidth_gbps,0.003678729,0.0053296,0.448761243353343,4f2496d3,83c98169,5291.0100200368115,3652.0924647253073
elementwise,triton,NVIDIA B200,f3b53ca39fc5c0b1,run_key|profiler_run_at|time_ms|memory_bandwidth_gbps|energy_j,0.00502463504,0.0056351069999999994,0.12149578131350203,48864532,83c98169,4225.911699250499,3768.1030723995127
elementwise,triton,NVIDIA B200,f55a7fce90b6b804,run_key|profiler_run_at|time_ms|memory_bandwidth_gbps|energy_j,0.00632109272,0.0065852919999999995,0.04179645698979706,48864532,83c98169,7184.904574536916,6896.649077975586
elementwise,triton,NVIDIA B200,f60a91ce530a8a34,run_key|profiler_run_at|time_ms|memory_bandwidth_gbps,0.045302628,0.044439803,-0.019045804583345483,6d60d963,83c98169,7453.021754058065,7597.726569579978
elementwise,triton,NVIDIA B200,f6d03302e66049cf,run_key|profiler_run_at|time_ms|memory_bandwidth_gbps|energy_j,0.012633413940000001,0.012068434999999999,-0.04472100278541191,48864532,83c98169,6723.0169456475505,7037.75228519688
elementwise,triton,NVIDIA B200,f7dc456c27fa0e9d,run_key|profiler_run_at|time_ms|memory_bandwidth_gbps|energy_j,0.00173818486,0.002284595,0.31435674799284574,48864532,83c98169,452.44439650682494,344.2325663848516
elementwise,triton,NVIDIA B200,f8e9e644b1591f4a,run_key|profiler_run_at|time_ms|memory_bandwidth_gbps|energy_j,0.05290500835167166,0.052648972999999995,-0.004839529557764011,48864532,83c98169,7135.191388511942,7169.890284469557
elementwise,triton,NVIDIA B200,f98b153b07e4df4c,run_key|profiler_run_at|time_ms|memory_bandwidth_gbps|energy_j,0.00802106564,0.0070823249999999996,-0.11703440442110635,48864532,83c98169,6013.477281554823,6810.545407052064
elementwise,triton,NVIDIA B200,fae2eb9e929adf37,run_key|profiler_run_at|time_ms|memory_bandwidth_gbps|energy_j,0.0032217008,0.004176006,0.29621161592659395,48864532,83c98169,4932.947218438162,3805.665030174765
elementwise,triton,NVIDIA B200,fb189c06e97224ea,run_key|profiler_run_at|time_ms|memory_bandwidth_gbps,0.005708591,0.005404384,-0.05328933181585438,f8bd625a,83c98169,5694.199496863587,6014.719901472582
elementwise,triton,NVIDIA B200,fb476de65db2540e,run_key|profiler_run_at|time_ms|memory_bandwidth_gbps|energy_j,0.047316184798807746,0.0465848,-0.015457391628628803,b0243fc3,83c98169,7446.110405944599,7563.014888976662
elementwise,triton,NVIDIA B200,fba3b66536b64b1c,run_key|profiler_run_at|time_ms|memory_bandwidth_gbps,0.4533668371040724,0.4514809324324325,-0.004159776404657922,b37c39f3,d7d132a0,148.16787312694382,148.78679291744655
elementwise,triton,NVIDIA B200,fbd935ae66a59e7e,run_key|profiler_run_at|time_ms|memory_bandwidth_gbps|energy_j,0.0030473212999999996,0.003391992,0.11310612372906004,48864532,83c98169,4129.171413595278,3709.5936547020156
elementwise,triton,NVIDIA B200,ff3dc2af2d92026e,run_key|profiler_run_at|time_ms|memory_bandwidth_gbps,0.0018532,0.002331928,0.2583250593567883,6d60d963,83c98169,2143.92402331103,1703.7918837974414
elementwise,triton,NVIDIA B200,ff693ff39e8d7e93,run_key|profiler_run_at|time_ms|memory_bandwidth_gbps,0.018168050999999998,0.021393627,0.1775411132432423,6d60d963,83c98169,8080.15345179293,6861.88648610168
